Course,Year Level,Category,Comment,Sentiment,Date
BSCS,4,Facilities,"Overall, Standard lang ang kondisyon ng canteen, walang masyadong reklamo. At saka, Manageable naman ang traffic sa hallway kahit peak hours. Sana mapansin ito.",Neutral,2026-08-06
BSIS,2,Staff,"Base sa experience ko, Naramdaman ko na sincere sila sa pagtulong, hindi lang basta trabaho lang para sa kanila. At saka, Ang bait ng staff sa registrar, tinulungan ako agad sa concern ko. Sana mapansin ito.",Positive,2026-08-01
BSN,3,Payments,"Nagka-error yung system nang magbayad ako, kinailangan kong ulitin ng tatlong beses. At saka, Ilang araw bago ma-reflect ang bayad ko sa system, nag-alala ako baka mabansag late.",Negative,2026-08-14
BSIT,2,Payments,"Base sa experience ko, Clear ang breakdown ng fees, walang hidden charges na nakakagulat. Also, Napakabilis maprocess ang refund ko, hindi ko inaasahan na ganoon kabilis. Sana po maayos pa.",Positive,2026-08-21
BSCS,2,Faculty,"Honestly, Hirap kausapin, parang ayaw talaga sumagot sa concerns namin. Kasabay nito, Feeling ko sobrang favoritism, iba yung treatment sa ibang section.",Negative,2026-08-12
BEED,2,Faculty,"For me, Palaging cancelled ang klase pero hindi namin alam kung ano ang gagawin instead. Plus, Sobrang laganap ng typo sa slides, mukhang hindi pa na-proofread. Yun lang po.",Negative,2026-08-02
BSN,4,Facilities,"Base sa experience ko, Marumi ang mga CR, matagal nang hindi na-clean ayon sa nakikita ko. Plus, Palaging discconnect ang wifi, nakakaabala sa mga submission namin. Sana mapansin ito.",Negative,2026-08-20
BSIT,4,Payments,"Base sa experience ko, Maayos ang tracking ng balance ko, laging updated ang statement of account.",Positive,2026-08-01
BEED,2,Staff,"Hindi ma-contact ang office, ilang beses akong tumawag walang sumasagot. Sana mapansin ito.",Negative,2026-08-14
BSIS,3,Staff,"Overall, Ang galing ng customer service, sinagot lahat ng tanong ko nang maayos. Yun lang po.",Positive,2026-08-15
BSIT,1,Payments,"Base sa experience ko, Gumagana naman ang portal kahit minsan medyo mabagal mag-load. Standard lang ang fees, wala namang malaking pagbabago kumpara noon.",Neutral,2026-08-04
BSIT,1,Staff,"Overall, Naramdaman ko na sincere sila sa pagtulong, hindi lang basta trabaho lang para sa kanila. Solved agad nila yung concern ko kahit medyo complicated pa yun.",Positive,2026-08-18
BSBA,2,Facilities,Sobrang init sa loob ng room kasi sira ang aircon for weeks na. Sana ma-continue.,Negative,2026-08-04
BSN,4,Facilities,"Base sa experience ko, Ang linis at ayos ng library ngayon, sobrang conducive mag-aral. Plus, Salamat sa maayos na CRs, laging malinis kapag pumupunta ako. Sana po maayos pa.",Positive,2026-08-07
BSIS,3,Faculty,"For me, Okay lang naman ang klase, standard lang, walang masyadong kakaiba. At saka, Medyo puro lecture pero at least clear naman ang mga concepts.",Neutral,2026-08-04
BSCS,4,Faculty,"Honestly, Nakakatuwa kasi may humor pa sa gitna ng mahirap na lesson, hindi nakakaantok. Patient siya sa mga tanong namin kahit paulit-ulit, sobrang bait niya explain ng explain. Sana mapansin ito.",Positive,2026-08-03
BSIT,3,Faculty,"Sobrang helpful ng consultation hours, laging may time para sa amin. Sana po maayos pa.",Positive,2026-08-10
BSIT,3,Payments,"Nag-crash ang portal habang nagbabayad ako, hindi ko alam kung na-charge na ako o hindi. Also, Nahirapan akong makipag-ayos sa refund ko, sobrang tagal ng proseso. That's it naman.",Negative,2026-08-20
BSIS,1,Facilities,"Honestly, Ang ganda ng bagong study hub, sulit gamitin lalo na tuwing exam week. Also, Ang linis at ayos ng library ngayon, sobrang conducive mag-aral.",Positive,2026-08-18
BSN,3,Staff,"Approachable sila lalo na yung nasa front desk, madali lang lapitan. Nagpapasalamat ako sa tulong nila, naayos agad yung isyu ko sa records.",Positive,2026-08-18
BSCS,1,Staff,"Sa totoo lang, Fine lang ang experience ko, wala akong major issue sa transaction. Dagdag pa rito, Nagawa naman yung request ko, konting hintay lang pero okay pa rin. Sana po maayos pa.",Neutral,2026-08-02
BSIS,3,Payments,"Base sa experience ko, Manageable ang installment plan, kahit papaano nakakaabot naman ako. Standard lang ang fees, wala namang malaking pagbabago kumpara noon.",Neutral,2026-08-01
BSCS,1,Staff,"Sa totoo lang, Ang bait ng staff sa registrar, tinulungan ako agad sa concern ko. At saka, Naramdaman ko na sincere sila sa pagtulong, hindi lang basta trabaho lang para sa kanila. Sana mapansin ito.",Positive,2026-08-04
BSIT,4,Facilities,"Honestly, Sapat naman ang espasyo sa classroom kahit medyo crowded minsan.",Neutral,2026-08-01
BSIT,2,Staff,"Honestly, Nakakalungkot kasi kulang ang staff kaya matagal talaga ang serbisyo. Sana po maayos pa.",Negative,2026-08-20
BSIT,3,Facilities,"Sa totoo lang, Kulang ang ilaw sa hallway kaya madilim tuwing gabi may klase pa. Yun lang po.",Negative,2026-08-12
BEED,4,Faculty,"For me, Hindi makasagot ng maayos sa mga tanong, parang hindi rin sure sa topic. At saka, Sobrang laganap ng typo sa slides, mukhang hindi pa na-proofread. That's it naman.",Negative,2026-08-20
BSCS,3,Faculty,"Honestly, Nahihirapan akong sumunod sa lecture kasi sobrang bilis at walang recap. Also, Wala akong natutunan sa buong semester, puro readings na wala namang discussion. Yun lang po.",Negative,2026-08-08
BSN,1,Faculty,"Ok lang ang setup, minsan mabilis mag-move sa next topic pero survivable.",Neutral,2026-08-15
BSIS,1,Faculty,"Grading criteria hindi malinaw, iba-iba ang score kahit parehas lang ang sagot.",Negative,2026-08-19
BSBA,2,Faculty,"Overall, Parang galit palagi kapag nagtatanong kami, nakakatakot lumapit. Dagdag pa rito, Hindi makasagot ng maayos sa mga tanong, parang hindi rin sure sa topic.",Negative,2026-08-11
BSN,2,Payments,"Overall, Napakabilis maprocess ang refund ko, hindi ko inaasahan na ganoon kabilis. Kasabay nito, Ang bilis ng confirmation pagkatapos magbayad, walang problema sa receipt. Sana ma-continue.",Positive,2026-08-12
BSBA,4,Facilities,"Honestly, Maayos na ang signage sa buong campus, hindi na ako nalilito saan pupunta. Sana po maayos pa.",Positive,2026-08-10
BSIS,1,Faculty,"For me, Sobrang laganap ng typo sa slides, mukhang hindi pa na-proofread. Dagdag pa rito, Palaging cancelled ang klase pero hindi namin alam kung ano ang gagawin instead.",Negative,2026-08-19
BEED,4,Facilities,"Base sa experience ko, Maayos na ang signage sa buong campus, hindi na ako nalilito saan pupunta. Dagdag pa rito, Ang linis at ayos ng library ngayon, sobrang conducive mag-aral. Sana po maayos pa.",Positive,2026-08-02
BSIT,2,Payments,"Honestly, Sapat naman ang info na nakalagay sa invoice, though pwede pa dagdagan ng detalye. Okay lang ang proseso, walang malaking hassle sa pagbabayad.",Neutral,2026-08-08
BSA,4,Payments,"For me, Standard lang ang fees, wala namang malaking pagbabago kumpara noon. That's it naman.",Neutral,2026-08-18
BSIT,4,Payments,"Sobrang convenient ng bagong payment portal, hindi na kailangan pumila. That's it naman.",Positive,2026-08-12
BEED,4,Faculty,"For me, Minsan late siya pumasok pero mahigpit sa amin kapag nahuli kami. Kasabay nito, Late palagi mag-post ng grades kaya hindi namin alam kung saan kami kulang. Sana mapansin ito.",Negative,2026-08-19
BSIS,1,Faculty,"Sobrang harsh ng comments sa papers namin, hindi constructive. Sana ma-continue.",Negative,2026-08-08
BEED,4,Facilities,"Gumagana naman ang mga equipment kahit medyo luma na. Plus, Standard lang ang kondisyon ng canteen, walang masyadong reklamo. Sana po maayos pa.",Neutral,2026-08-17
BSA,3,Facilities,"Maganda na ang wifi sa campus, hindi na nade-delay ang mga online activities namin. At saka, Napansin kong mas maayos na ang aircon sa mga labs, hindi na sobrang init. That's it naman.",Positive,2026-08-17
BEED,1,Faculty,"For me, Feeling ko mas naintindihan ko ang subject dahil sa paraan ng pagtuturo niya kumpara sa ibang prof. Kasabay nito, Kudos talaga, hindi boring ang lecture kahit tatlong oras. Sana ma-continue.",Positive,2026-08-15
BSBA,3,Faculty,"Overall, Buong klase, sobrang engaged lahat kasi may mga case studies na kawili-wili. At saka, Sobrang organized ng modules and lahat ng deadlines clear from day one.",Positive,2026-08-14
BSA,3,Payments,"Base sa experience ko, Napakabilis maprocess ang refund ko, hindi ko inaasahan na ganoon kabilis. Also, Sobrang convenient ng bagong payment portal, hindi na kailangan pumila.",Positive,2026-08-19
BSCS,2,Facilities,"Sa totoo lang, Kulang ang ilaw sa hallway kaya madilim tuwing gabi may klase pa. Dagdag pa rito, Palaging discconnect ang wifi, nakakaabala sa mga submission namin. Sana ma-continue.",Negative,2026-08-20
BSCS,4,Facilities,"Base sa experience ko, Sobrang comfortable ng bagong chairs sa classroom, hindi na masakit ang likod. Maayos na ang signage sa buong campus, hindi na ako nalilito saan pupunta. Sana ma-continue.",Positive,2026-08-18
BSIT,3,Staff,"Karaniwang klase ng service, hindi masama pero hindi rin sobrang astig.",Neutral,2026-08-11
BSIT,1,Facilities,"Sa totoo lang, Sira ang projector kaya hirap kaming makita ang mga slides. Kasabay nito, Marumi ang mga CR, matagal nang hindi na-clean ayon sa nakikita ko. That's it naman.",Negative,2026-08-19
BSIT,2,Facilities,"Overall, Marumi ang mga CR, matagal nang hindi na-clean ayon sa nakikita ko. Also, Kulang ang ilaw sa hallway kaya madilim tuwing gabi may klase pa.",Negative,2026-08-12
BSCS,3,Faculty,"Base sa experience ko, Nakakalito ang instructions, iba-iba ang sinasabi kada session. Sana ma-continue.",Negative,2026-08-01
BSBA,4,Facilities,"Sa totoo lang, Maputik at madulas ang daanan tuwing umuulan, delikado talaga. Plus, Marumi ang mga CR, matagal nang hindi na-clean ayon sa nakikita ko.",Negative,2026-08-17
BSCS,2,Payments,"Base sa experience ko, Okay lang ang proseso, walang malaking hassle sa pagbabayad. Dagdag pa rito, Nagawa naman ang bayad ko kahit medyo malabo yung instructions sa simula. Sana ma-continue.",Neutral,2026-08-07
BSIT,1,Payments,"For me, Nag-crash ang portal habang nagbabayad ako, hindi ko alam kung na-charge na ako o hindi. Sana ma-continue.",Negative,2026-08-10
BSN,2,Staff,"Nagawa ang kailangan ko kahit medyo kailangan kong balikan ng ilang beses. Kasabay nito, Sinagot naman lahat ng katanungan ko kahit hindi masyadong detalyado. Sana po maayos pa.",Neutral,2026-08-18
BEED,3,Faculty,"Overall, Feeling ko sobrang favoritism, iba yung treatment sa ibang section. Sana po maayos pa.",Negative,2026-08-21
BSA,1,Payments,"Base sa experience ko, Hindi pantay ang na-post na balance ko sa totoong binayaran ko.",Negative,2026-08-11
BSA,3,Facilities,"Sa totoo lang, Manageable naman ang traffic sa hallway kahit peak hours. Kasabay nito, Gumagana naman ang mga equipment kahit medyo luma na. Yun lang po.",Neutral,2026-08-09
BSIT,2,Staff,"Honestly, Naramdaman ko na sincere sila sa pagtulong, hindi lang basta trabaho lang para sa kanila. Napakabilis at organized ng proseso, isang beses lang ako pumunta tapos na agad. Sana po maayos pa.",Positive,2026-08-02
BSIS,2,Faculty,"Overall, Consistent naman sa schedule pero konti lang ang interaction sa class.",Neutral,2026-08-11
BSIS,3,Faculty,"Sa totoo lang, Feeling ko sobrang favoritism, iba yung treatment sa ibang section. At saka, Grabe ang dami ng requirements na binigay overnight lang, sobrang stressful. Sana mapansin ito.",Negative,2026-08-21
BSA,4,Payments,"Base sa experience ko, Hindi pantay ang na-post na balance ko sa totoong binayaran ko. At saka, Sobrang taas ng miscellaneous fees na hindi naman malinaw kung para saan. Yun lang po.",Negative,2026-08-18
BSCS,2,Payments,"Sobrang taas ng miscellaneous fees na hindi naman malinaw kung para saan. Dagdag pa rito, Nahirapan akong makipag-ayos sa refund ko, sobrang tagal ng proseso.",Negative,2026-08-19
BSIT,2,Staff,"Friendly talaga sila kausap, hindi ka mararamdamang burden kahit maraming tanong. Plus, Salamat sa staff na patient magpaliwanag ng steps para sa clearance ko. Sana mapansin ito.",Positive,2026-08-05
BSBA,3,Facilities,"Matagal nang sira ang aircon pero wala pa ring inaayos. At saka, Sobrang init sa loob ng room kasi sira ang aircon for weeks na. Sana ma-continue.",Negative,2026-08-09
BSBA,1,Payments,"Nagawa naman ang bayad ko kahit medyo malabo yung instructions sa simula. Manageable ang installment plan, kahit papaano nakakaabot naman ako. Yun lang po.",Neutral,2026-08-02
BEED,3,Facilities,"Base sa experience ko, Palaging discconnect ang wifi, nakakaabala sa mga submission namin. Sana mapansin ito.",Negative,2026-08-13
BSA,3,Faculty,"Hindi makasagot ng maayos sa mga tanong, parang hindi rin sure sa topic. Late palagi mag-post ng grades kaya hindi namin alam kung saan kami kulang. Yun lang po.",Negative,2026-08-18
BSIS,2,Payments,"Base sa experience ko, Madali lang mag-bayad online, ilang minuto lang tapos na agad ang transaction. Also, Maayos ang tracking ng balance ko, laging updated ang statement of account.",Positive,2026-08-01
BSIS,4,Facilities,Kulang ang ilaw sa hallway kaya madilim tuwing gabi may klase pa. Sana mapansin ito.,Negative,2026-08-09
BSIT,2,Facilities,"Sa totoo lang, Sobrang comfortable ng bagong chairs sa classroom, hindi na masakit ang likod. Kasabay nito, Well-maintained ang mga equipment sa laboratory, gumagana lahat nang maayos. Sana po maayos pa.",Positive,2026-08-07
BSBA,1,Payments,"Base sa experience ko, Clear ang breakdown ng fees, walang hidden charges na nakakagulat. Sana po maayos pa.",Positive,2026-08-09
BSA,4,Facilities,"Base sa experience ko, Sapat naman ang espasyo sa classroom kahit medyo crowded minsan. Plus, Okay lang naman ang mga pasilidad, wala namang malaking problema. That's it naman.",Neutral,2026-08-13
BEED,2,Payments,"Sa totoo lang, Napakadali ma-access ang payment history online, malinaw lahat ng transaction. Dagdag pa rito, Ang bilis ng confirmation pagkatapos magbayad, walang problema sa receipt. Sana po maayos pa.",Positive,2026-08-11
BSN,4,Faculty,"Honestly, Medyo puro lecture pero at least clear naman ang mga concepts. Sana po maayos pa.",Neutral,2026-08-06
BSCS,1,Facilities,"Honestly, Standard lang ang kondisyon ng canteen, walang masyadong reklamo. Also, Functional pa rin ang mga computer sa lab kahit mabagal konti.",Neutral,2026-08-03
BSIS,3,Staff,"Base sa experience ko, Nakakalungkot kasi kulang ang staff kaya matagal talaga ang serbisyo. Also, Sobrang bagal, parang walang urgency kahit alam nilang may deadline kami. Sana ma-continue.",Negative,2026-08-04
BSIS,4,Faculty,"Medyo puro lecture pero at least clear naman ang mga concepts. Kasabay nito, Fine naman siya bilang teacher, gets ko naman ang mga tinuturo. Sana mapansin ito.",Neutral,2026-08-01
BSBA,1,Facilities,Gumagana naman ang mga equipment kahit medyo luma na. Sana po maayos pa.,Neutral,2026-08-11
BSIT,3,Facilities,"For me, Salamat sa maayos na CRs, laging malinis kapag pumupunta ako. Plus, Ang ganda ng bagong study hub, sulit gamitin lalo na tuwing exam week. Sana po maayos pa.",Positive,2026-08-15
BSN,3,Faculty,"Grasya na lang ang klase kasi laging may recap bago pumunta sa bagong topic. Dagdag pa rito, Ang saya ng klase dahil interactive at hindi puro lecture lang, may activities talaga. Yun lang po.",Positive,2026-08-15
BSA,2,Staff,"Base sa experience ko, Sinagot naman lahat ng katanungan ko kahit hindi masyadong detalyado. Sapat naman ang tulong, though pwede pang paganahan ang follow-through. Sana po maayos pa.",Neutral,2026-08-19
BSN,3,Facilities,"Base sa experience ko, Maputik at madulas ang daanan tuwing umuulan, delikado talaga.",Negative,2026-08-14
BSBA,1,Faculty,"Base sa experience ko, Average lang, may improvement pero pwede pa i-improve ang engagement. Yun lang po.",Neutral,2026-08-02
BSCS,3,Facilities,"For me, Standard lang ang kondisyon ng canteen, walang masyadong reklamo. Dagdag pa rito, Manageable naman ang traffic sa hallway kahit peak hours. That's it naman.",Neutral,2026-08-09
BSBA,1,Staff,"Honestly, Ilang beses akong bumalik dahil hindi complete ang binigay nilang instructions. Dagdag pa rito, Ang tagal ng pila, mahigit isang oras ako naghintay para lang sa simpleng request. Sana po maayos pa.",Negative,2026-08-18
BSCS,3,Facilities,"Maputik at madulas ang daanan tuwing umuulan, delikado talaga. Kasabay nito, Sira ang projector kaya hirap kaming makita ang mga slides. Sana ma-continue.",Negative,2026-08-01
BSBA,4,Faculty,"Nakakatuwa kasi may humor pa sa gitna ng mahirap na lesson, hindi nakakaantok. That's it naman.",Positive,2026-08-09
BSIT,1,Faculty,"Overall, Late palagi mag-post ng grades kaya hindi namin alam kung saan kami kulang. At saka, Nakakalito ang instructions, iba-iba ang sinasabi kada session. Sana po maayos pa.",Negative,2026-08-19
BSBA,1,Faculty,"Okay lang naman ang klase, standard lang, walang masyadong kakaiba. Sana mapansin ito.",Neutral,2026-08-20
BSBA,1,Facilities,"Base sa experience ko, Sobrang comfortable ng bagong chairs sa classroom, hindi na masakit ang likod. Yun lang po.",Positive,2026-08-11
BSBA,2,Facilities,"Sapat naman ang espasyo sa classroom kahit medyo crowded minsan. Kasabay nito, Manageable naman ang traffic sa hallway kahit peak hours. Sana po maayos pa.",Neutral,2026-08-10
BSBA,3,Payments,"Overall, Ilang araw bago ma-reflect ang bayad ko sa system, nag-alala ako baka mabansag late. Sana po maayos pa.",Negative,2026-08-16
BSIS,1,Faculty,"Sa totoo lang, Feeling ko mas naintindihan ko ang subject dahil sa paraan ng pagtuturo niya kumpara sa ibang prof. At saka, Sobrang organized ng modules and lahat ng deadlines clear from day one.",Positive,2026-08-03
BEED,2,Payments,"Sa totoo lang, Hindi pantay ang na-post na balance ko sa totoong binayaran ko. Dagdag pa rito, Nag-crash ang portal habang nagbabayad ako, hindi ko alam kung na-charge na ako o hindi. Sana mapansin ito.",Negative,2026-08-20
BSIT,4,Facilities,"Sa totoo lang, Manageable naman ang traffic sa hallway kahit peak hours. Also, Okay lang naman ang mga pasilidad, wala namang malaking problema.",Neutral,2026-08-12
BSBA,3,Facilities,"Overall, Maayos na ang signage sa buong campus, hindi na ako nalilito saan pupunta. Also, Ang linis at ayos ng library ngayon, sobrang conducive mag-aral. Sana ma-continue.",Positive,2026-08-13
BSN,3,Facilities,"Sa totoo lang, Marumi ang mga CR, matagal nang hindi na-clean ayon sa nakikita ko. Kasabay nito, Sobrang init sa loob ng room kasi sira ang aircon for weeks na. Sana ma-continue.",Negative,2026-08-11
BSCS,4,Faculty,"Nasusundan ko naman ang lesson kahit medyo mabilis minsan. Kasabay nito, Manageable ang workload, though pwede pang dagdagan ng examples. That's it naman.",Neutral,2026-08-17
BSN,3,Payments,"Base sa experience ko, Salamat sa flexible payment terms, malaking tulong para sa amin na estudyante. Sana ma-continue.",Positive,2026-08-02
BSIT,2,Facilities,"Sa totoo lang, Maganda na ang wifi sa campus, hindi na nade-delay ang mga online activities namin. That's it naman.",Positive,2026-08-01
BSBA,2,Payments,"Base sa experience ko, Clear ang breakdown ng fees, walang hidden charges na nakakagulat. Plus, Salamat sa flexible payment terms, malaking tulong para sa amin na estudyante.",Positive,2026-08-02
BSIS,2,Faculty,"Honestly, Sobrang laganap ng typo sa slides, mukhang hindi pa na-proofread.",Negative,2026-08-14
BSA,1,Payments,"Sa totoo lang, Sapat naman ang info na nakalagay sa invoice, though pwede pa dagdagan ng detalye. That's it naman.",Neutral,2026-08-09
BSIS,4,Staff,"Overall, Sinagot naman lahat ng katanungan ko kahit hindi masyadong detalyado. Fine lang ang experience ko, wala akong major issue sa transaction. Yun lang po.",Neutral,2026-08-14
BSCS,2,Staff,"Base sa experience ko, Walang malinaw na proseso, iba-iba ang sinasabi ng bawat staff. Ilang beses akong bumalik dahil hindi complete ang binigay nilang instructions. Yun lang po.",Negative,2026-08-11
BSCS,1,Payments,"Overall, Salamat sa flexible payment terms, malaking tulong para sa amin na estudyante. That's it naman.",Positive,2026-08-08
BSBA,4,Faculty,"Patient siya sa mga tanong namin kahit paulit-ulit, sobrang bait niya explain ng explain. Nakakatuwa kasi may humor pa sa gitna ng mahirap na lesson, hindi nakakaantok. Sana ma-continue.",Positive,2026-08-04
BEED,1,Staff,"Honestly, Karaniwang klase ng service, hindi masama pero hindi rin sobrang astig. Kasabay nito, Sapat naman ang tulong, though pwede pang paganahan ang follow-through. Sana mapansin ito.",Neutral,2026-08-07
BSCS,4,Staff,"Base sa experience ko, Karaniwang klase ng service, hindi masama pero hindi rin sobrang astig. Also, Sapat naman ang tulong, though pwede pang paganahan ang follow-through. Yun lang po.",Neutral,2026-08-12
BSIS,3,Faculty,"Base sa experience ko, Straightforward ang lectures, wala namang major issue. Plus, Sakto lang ang pace, hindi mabilis pero hindi rin masyadong mabagal. That's it naman.",Neutral,2026-08-15
BSA,4,Facilities,"Sobrang comfortable ng bagong chairs sa classroom, hindi na masakit ang likod. Salamat sa maayos na CRs, laging malinis kapag pumupunta ako.",Positive,2026-08-07
BSA,2,Staff,"Overall, Standard lang ang service, walang masyadong extraordinary pero gumagana naman. At saka, Nagawa ang kailangan ko kahit medyo kailangan kong balikan ng ilang beses.",Neutral,2026-08-13
BSA,1,Facilities,"Sa totoo lang, Sobrang init sa loob ng room kasi sira ang aircon for weeks na. Dagdag pa rito, Palaging discconnect ang wifi, nakakaabala sa mga submission namin. Sana ma-continue.",Negative,2026-08-21
BEED,3,Faculty,"Ok lang ang setup, minsan mabilis mag-move sa next topic pero survivable. Plus, Gets ko naman kahit papaano, though mas gusto ko sana may mas maraming halimbawa. That's it naman.",Neutral,2026-08-12
BSA,3,Staff,"Honestly, Hindi ma-contact ang office, ilang beses akong tumawag walang sumasagot. Plus, Nawala yung documents ko, kailangan ko pang mag-resubmit ng lahat. Sana po maayos pa.",Negative,2026-08-11
BEED,3,Facilities,"Overall, Sobrang init sa loob ng room kasi sira ang aircon for weeks na. Kasabay nito, Palaging discconnect ang wifi, nakakaabala sa mga submission namin. That's it naman.",Negative,2026-08-05
BSN,2,Facilities,"Matagal nang sira ang aircon pero wala pa ring inaayos. Marumi ang mga CR, matagal nang hindi na-clean ayon sa nakikita ko. Yun lang po.",Negative,2026-08-04
BSIT,2,Faculty,"Overall, Feeling ko sobrang favoritism, iba yung treatment sa ibang section. Dagdag pa rito, Palaging cancelled ang klase pero hindi namin alam kung ano ang gagawin instead.",Negative,2026-08-21
BSIT,2,Faculty,"Palaging cancelled ang klase pero hindi namin alam kung ano ang gagawin instead. Dagdag pa rito, Parang galit palagi kapag nagtatanong kami, nakakatakot lumapit. Sana mapansin ito.",Negative,2026-08-15
BEED,3,Facilities,"Sa totoo lang, Manageable naman ang traffic sa hallway kahit peak hours. Sana ma-continue.",Neutral,2026-08-03
BSN,4,Staff,"Base sa experience ko, Nagpapasalamat ako sa tulong nila, naayos agad yung isyu ko sa records. Also, Ang galing ng customer service, sinagot lahat ng tanong ko nang maayos.",Positive,2026-08-10
BSIS,2,Staff,"For me, Friendly talaga sila kausap, hindi ka mararamdamang burden kahit maraming tanong. Dagdag pa rito, Naramdaman ko na sincere sila sa pagtulong, hindi lang basta trabaho lang para sa kanila. Sana ma-continue.",Positive,2026-08-03
BSA,3,Payments,"Sa totoo lang, Manageable ang installment plan, kahit papaano nakakaabot naman ako. Sana mapansin ito.",Neutral,2026-08-08
BSN,3,Facilities,"Honestly, Kulang ang ilaw sa hallway kaya madilim tuwing gabi may klase pa. That's it naman.",Negative,2026-08-12
BSA,2,Staff,"Overall, Sobrang unorganized ng linya, nagulo lahat kasi walang numbering system.",Negative,2026-08-19
BSBA,2,Payments,"Maayos ang tracking ng balance ko, laging updated ang statement of account. Sana ma-continue.",Positive,2026-08-13
BSIT,4,Payments,"Base sa experience ko, Ang bilis ng confirmation pagkatapos magbayad, walang problema sa receipt. Yun lang po.",Positive,2026-08-19
BSIS,2,Faculty,"Buong klase, sobrang engaged lahat kasi may mga case studies na kawili-wili. Plus, Feeling ko mas naintindihan ko ang subject dahil sa paraan ng pagtuturo niya kumpara sa ibang prof. Sana ma-continue.",Positive,2026-08-13
BSBA,3,Faculty,"Base sa experience ko, Nakaka-inspire yung dedication niya sa amin, sobrang malaking tulong sa pag-aaral ko. Yun lang po.",Positive,2026-08-02
BSN,4,Faculty,"Overall, Consistent naman sa schedule pero konti lang ang interaction sa class. Kasabay nito, Average lang, may improvement pero pwede pa i-improve ang engagement. Sana mapansin ito.",Neutral,2026-08-12
BSCS,1,Faculty,"For me, Patient siya sa mga tanong namin kahit paulit-ulit, sobrang bait niya explain ng explain. Effective yung teaching style, gusto ko pumasok kahit umaga pa.",Positive,2026-08-06
BSA,4,Payments,"Overall, Nahirapan akong makipag-ayos sa refund ko, sobrang tagal ng proseso. At saka, Sobrang taas ng miscellaneous fees na hindi naman malinaw kung para saan. Sana mapansin ito.",Negative,2026-08-03
BSBA,3,Staff,"Honestly, Medyo mabagal ang proseso pero natapos naman sa huli. Sana ma-continue.",Neutral,2026-08-04
BSA,1,Staff,"Overall, Walang malinaw na proseso, iba-iba ang sinasabi ng bawat staff. Sana ma-continue.",Negative,2026-08-15
BSN,4,Faculty,"Proud ako maging student niya, malaki ang natutunan ko this semester. Also, Kudos talaga, hindi boring ang lecture kahit tatlong oras. Sana mapansin ito.",Positive,2026-08-04
BSIT,2,Payments,"Sobrang convenient ng bagong payment portal, hindi na kailangan pumila. Kasabay nito, Napakabilis maprocess ang refund ko, hindi ko inaasahan na ganoon kabilis. Sana ma-continue.",Positive,2026-08-08
BSIS,4,Faculty,"Base sa experience ko, Karaniwan lang ang delivery, hindi masyadong exciting pero informative naman. Dagdag pa rito, Walang malaking reklamo, pero pwede pa ring paganahin nang konti ang klase.",Neutral,2026-08-18
BSCS,1,Payments,"Overall, Ang bilis ng confirmation pagkatapos magbayad, walang problema sa receipt. Plus, Salamat sa flexible payment terms, malaking tulong para sa amin na estudyante.",Positive,2026-08-05
BSIS,2,Facilities,"For me, Sira ang projector kaya hirap kaming makita ang mga slides. Sana po maayos pa.",Negative,2026-08-12
BSBA,2,Payments,"Overall, Sobrang taas ng miscellaneous fees na hindi naman malinaw kung para saan. Kasabay nito, Walang senyales o notification kapag may urgent na balance, nagulat na lang ako. Sana po maayos pa.",Negative,2026-08-16
BSIT,1,Faculty,"Average lang, may improvement pero pwede pa i-improve ang engagement. Walang malaking reklamo, pero pwede pa ring paganahin nang konti ang klase. Yun lang po.",Neutral,2026-08-05
BSIT,2,Payments,"For me, Gumagana naman ang portal kahit minsan medyo mabagal mag-load. Okay lang ang proseso, walang malaking hassle sa pagbabayad. Sana ma-continue.",Neutral,2026-08-02
BSN,1,Facilities,"Base sa experience ko, Gumagana naman ang mga equipment kahit medyo luma na. Kasabay nito, Manageable naman ang traffic sa hallway kahit peak hours. That's it naman.",Neutral,2026-08-18
BSA,3,Faculty,"Parang galit palagi kapag nagtatanong kami, nakakatakot lumapit. Grading criteria hindi malinaw, iba-iba ang score kahit parehas lang ang sagot. That's it naman.",Negative,2026-08-17
BSIT,2,Facilities,"Base sa experience ko, Manageable naman ang traffic sa hallway kahit peak hours. Plus, Gumagana naman ang mga equipment kahit medyo luma na.",Neutral,2026-08-01
BSIS,3,Staff,"Honestly, Solved agad nila yung concern ko kahit medyo complicated pa yun. Sana ma-continue.",Positive,2026-08-06
BSIT,3,Faculty,"Base sa experience ko, Nakaka-frustrate kasi hindi na-explain ng maayos bago pa kami binigyan ng exam. At saka, Grading criteria hindi malinaw, iba-iba ang score kahit parehas lang ang sagot. That's it naman.",Negative,2026-08-20
BEED,4,Payments,"For me, Clear ang breakdown ng fees, walang hidden charges na nakakagulat. That's it naman.",Positive,2026-08-17
BSIS,3,Staff,"Honestly, Ilang beses akong bumalik dahil hindi complete ang binigay nilang instructions. Kasabay nito, Nawala yung documents ko, kailangan ko pang mag-resubmit ng lahat.",Negative,2026-08-06
BSIS,2,Faculty,"Sufficient ang materials na ibinigay, though di gaanong interactive. At saka, Karaniwan lang ang delivery, hindi masyadong exciting pero informative naman. Sana mapansin ito.",Neutral,2026-08-21
BSBA,4,Payments,"Sa totoo lang, Maayos ang tracking ng balance ko, laging updated ang statement of account. Sana po maayos pa.",Positive,2026-08-03
BSN,4,Payments,"Honestly, Hindi pantay ang na-post na balance ko sa totoong binayaran ko. Dagdag pa rito, Nagka-error yung system nang magbayad ako, kinailangan kong ulitin ng tatlong beses. That's it naman.",Negative,2026-08-14
BSIS,1,Payments,"Sa totoo lang, Clear ang breakdown ng fees, walang hidden charges na nakakagulat.",Positive,2026-08-18
BSA,2,Payments,"Madali lang mag-bayad online, ilang minuto lang tapos na agad ang transaction. Salamat sa flexible payment terms, malaking tulong para sa amin na estudyante. Sana ma-continue.",Positive,2026-08-21
BEED,4,Faculty,"For me, Hindi makasagot ng maayos sa mga tanong, parang hindi rin sure sa topic. Yun lang po.",Negative,2026-08-20
BSCS,1,Payments,"Base sa experience ko, Nagawa naman ang bayad ko kahit medyo malabo yung instructions sa simula. Gumagana naman ang portal kahit minsan medyo mabagal mag-load. Sana mapansin ito.",Neutral,2026-08-06
BSBA,4,Staff,Medyo mabagal ang proseso pero natapos naman sa huli. Sana mapansin ito.,Neutral,2026-08-11
BSIS,2,Staff,"Honestly, Nagpapasalamat ako sa tulong nila, naayos agad yung isyu ko sa records. Plus, Salamat sa staff na patient magpaliwanag ng steps para sa clearance ko. Sana po maayos pa.",Positive,2026-08-06
BSIT,2,Facilities,"For me, Ang ganda ng bagong study hub, sulit gamitin lalo na tuwing exam week. Yun lang po.",Positive,2026-08-05
BSN,4,Payments,"Base sa experience ko, Sapat naman ang info na nakalagay sa invoice, though pwede pa dagdagan ng detalye. Kasabay nito, Manageable ang installment plan, kahit papaano nakakaabot naman ako. Sana po maayos pa.",Neutral,2026-08-09
BSIS,4,Staff,"Base sa experience ko, Ang tagal ng pila, mahigit isang oras ako naghintay para lang sa simpleng request. That's it naman.",Negative,2026-08-03
BSA,3,Facilities,"Sa totoo lang, Functional pa rin ang mga computer sa lab kahit mabagal konti. Okay lang naman ang mga pasilidad, wala namang malaking problema.",Neutral,2026-08-19
BSIS,3,Faculty,"Patient siya sa mga tanong namin kahit paulit-ulit, sobrang bait niya explain ng explain.",Positive,2026-08-08
BSA,2,Staff,"Honestly, Fine lang ang experience ko, wala akong major issue sa transaction. Kasabay nito, Okay lang naman, ginawa naman nila trabaho nila kahit medyo tahimik. That's it naman.",Neutral,2026-08-18
BSA,4,Payments,"Honestly, Gumagana naman ang portal kahit minsan medyo mabagal mag-load. Yun lang po.",Neutral,2026-08-10
BSA,4,Faculty,"Base sa experience ko, Nakaka-frustrate kasi hindi na-explain ng maayos bago pa kami binigyan ng exam. Sana ma-continue.",Negative,2026-08-13
BSIS,3,Staff,"Sobrang bilis ng pag-proseso ng request ko, hindi na ako naghintay ng matagal. At saka, Very accommodating sila kahit maraming tao, hindi sila nagmamadali sa amin.",Positive,2026-08-07
BSCS,2,Faculty,"Overall, Hindi makasagot ng maayos sa mga tanong, parang hindi rin sure sa topic. At saka, Grabe ang dami ng requirements na binigay overnight lang, sobrang stressful. That's it naman.",Negative,2026-08-10
BEED,4,Facilities,"Honestly, Matagal nang sira ang aircon pero wala pa ring inaayos. Dagdag pa rito, Kulang ang ilaw sa hallway kaya madilim tuwing gabi may klase pa. Sana po maayos pa.",Negative,2026-08-09
BSN,2,Staff,"Sobrang bagal, parang walang urgency kahit alam nilang may deadline kami. Kasabay nito, Rude yung pagsagot sa akin kahit magalang naman ako magtanong. Sana po maayos pa.",Negative,2026-08-10
BSN,4,Facilities,"Overall, Ang linis at ayos ng library ngayon, sobrang conducive mag-aral. Also, Maayos na ang signage sa buong campus, hindi na ako nalilito saan pupunta.",Positive,2026-08-17
BSA,1,Faculty,"Straightforward ang lectures, wala namang major issue. Kasabay nito, Karaniwan lang ang delivery, hindi masyadong exciting pero informative naman.",Neutral,2026-08-11
BSN,4,Faculty,"Sa totoo lang, Grading criteria hindi malinaw, iba-iba ang score kahit parehas lang ang sagot. Plus, Sobrang harsh ng comments sa papers namin, hindi constructive. Sana po maayos pa.",Negative,2026-08-11
BEED,2,Facilities,"For me, Manageable naman ang traffic sa hallway kahit peak hours. Dagdag pa rito, Okay lang naman ang mga pasilidad, wala namang malaking problema. Sana po maayos pa.",Neutral,2026-08-19
BSCS,1,Payments,"Overall, Sapat naman ang info na nakalagay sa invoice, though pwede pa dagdagan ng detalye. Plus, Nagawa naman ang bayad ko kahit medyo malabo yung instructions sa simula.",Neutral,2026-08-02
BSIT,4,Staff,"Honestly, Ang tagal ng pila, mahigit isang oras ako naghintay para lang sa simpleng request. At saka, Sobrang bagal, parang walang urgency kahit alam nilang may deadline kami.",Negative,2026-08-07
BSIT,4,Faculty,"Fine naman siya bilang teacher, gets ko naman ang mga tinuturo. Kasabay nito, Sufficient ang materials na ibinigay, though di gaanong interactive. Yun lang po.",Neutral,2026-08-04
BSBA,2,Facilities,"Honestly, Well-maintained ang mga equipment sa laboratory, gumagana lahat nang maayos. Dagdag pa rito, Ang ganda ng bagong study hub, sulit gamitin lalo na tuwing exam week.",Positive,2026-08-18
BSIT,1,Payments,"For me, Maayos ang tracking ng balance ko, laging updated ang statement of account. Plus, Ang bilis ng confirmation pagkatapos magbayad, walang problema sa receipt. Sana ma-continue.",Positive,2026-08-04
BSCS,3,Payments,"For me, Ilang araw bago ma-reflect ang bayad ko sa system, nag-alala ako baka mabansag late. At saka, Walang senyales o notification kapag may urgent na balance, nagulat na lang ako.",Negative,2026-08-08
BEED,3,Payments,"Base sa experience ko, Okay lang ang proseso, walang malaking hassle sa pagbabayad. Dagdag pa rito, Manageable ang installment plan, kahit papaano nakakaabot naman ako.",Neutral,2026-08-13
BSCS,2,Staff,"Hindi ma-contact ang office, ilang beses akong tumawag walang sumasagot. Kasabay nito, Rude yung pagsagot sa akin kahit magalang naman ako magtanong.",Negative,2026-08-21
BSCS,3,Faculty,"Grasya na lang ang klase kasi laging may recap bago pumunta sa bagong topic. Plus, Feeling ko mas naintindihan ko ang subject dahil sa paraan ng pagtuturo niya kumpara sa ibang prof. Yun lang po.",Positive,2026-08-16
BSA,2,Staff,"Sobrang bagal, parang walang urgency kahit alam nilang may deadline kami. Also, Ilang beses akong bumalik dahil hindi complete ang binigay nilang instructions.",Negative,2026-08-01
BSIT,2,Faculty,"Sa totoo lang, Minsan late siya pumasok pero mahigpit sa amin kapag nahuli kami. That's it naman.",Negative,2026-08-11
BSA,3,Facilities,"Overall, Sobrang siksikan sa room, kulang ang upuan para sa lahat ng estudyante.",Negative,2026-08-16
BSIS,3,Staff,"Sobrang bilis ng pag-proseso ng request ko, hindi na ako naghintay ng matagal. Also, Efficient sila mag-assist, alam nila agad kung ano gagawin ko. Sana mapansin ito.",Positive,2026-08-15
BSIS,2,Staff,"For me, Efficient sila mag-assist, alam nila agad kung ano gagawin ko. Sana mapansin ito.",Positive,2026-08-10
BSBA,2,Faculty,"Sa totoo lang, Sufficient ang materials na ibinigay, though di gaanong interactive. Dagdag pa rito, Ok lang ang setup, minsan mabilis mag-move sa next topic pero survivable.",Neutral,2026-08-07
BSA,2,Staff,"Base sa experience ko, Fine lang ang experience ko, wala akong major issue sa transaction. Sapat naman ang tulong, though pwede pang paganahan ang follow-through.",Neutral,2026-08-05
BSN,3,Faculty,"For me, Ok lang ang setup, minsan mabilis mag-move sa next topic pero survivable. Also, Straightforward ang lectures, wala namang major issue.",Neutral,2026-08-19
BSA,1,Faculty,"Base sa experience ko, Sobrang harsh ng comments sa papers namin, hindi constructive. Also, Minsan late siya pumasok pero mahigpit sa amin kapag nahuli kami. Sana po maayos pa.",Negative,2026-08-19
BEED,4,Facilities,"Overall, Maganda na ang wifi sa campus, hindi na nade-delay ang mga online activities namin. At saka, Maayos na ang signage sa buong campus, hindi na ako nalilito saan pupunta. Yun lang po.",Positive,2026-08-02
BSIT,4,Faculty,"Sa totoo lang, Grabe, ang galing mag-explain, may mga real-life examples pa na madaling ma-relate. Sana ma-continue.",Positive,2026-08-16
BEED,1,Facilities,"Kulang ang ilaw sa hallway kaya madilim tuwing gabi may klase pa. Also, Matagal nang sira ang aircon pero wala pa ring inaayos. That's it naman.",Negative,2026-08-16
BSBA,4,Faculty,"Sa totoo lang, Nakakatuwa kasi may humor pa sa gitna ng mahirap na lesson, hindi nakakaantok. Kasabay nito, Ang linaw ng instructions niya, walang naguguluhan sa requirements. Sana po maayos pa.",Positive,2026-08-10
BSN,3,Faculty,"Overall, Sobrang helpful ng consultation hours, laging may time para sa amin. Also, Napakadetalyado ng feedback sa mga output namin, malaking tulong para umimprove.",Positive,2026-08-16
BSBA,3,Facilities,"Base sa experience ko, Ang ganda ng bagong study hub, sulit gamitin lalo na tuwing exam week. Plus, Salamat sa maayos na CRs, laging malinis kapag pumupunta ako.",Positive,2026-08-14
BEED,2,Facilities,"Palaging discconnect ang wifi, nakakaabala sa mga submission namin. Dagdag pa rito, Kulang ang ilaw sa hallway kaya madilim tuwing gabi may klase pa.",Negative,2026-08-20
BSIT,1,Payments,"Honestly, Manageable ang installment plan, kahit papaano nakakaabot naman ako. Plus, Gumagana naman ang portal kahit minsan medyo mabagal mag-load. That's it naman.",Neutral,2026-08-14
BSN,1,Payments,"Nagka-error yung system nang magbayad ako, kinailangan kong ulitin ng tatlong beses. Dagdag pa rito, Hindi pantay ang na-post na balance ko sa totoong binayaran ko.",Negative,2026-08-07
BSA,4,Facilities,"For me, Standard lang ang kondisyon ng canteen, walang masyadong reklamo. Sana mapansin ito.",Neutral,2026-08-01
BSIS,3,Faculty,"Hindi makasagot ng maayos sa mga tanong, parang hindi rin sure sa topic. Kasabay nito, Feeling ko sobrang favoritism, iba yung treatment sa ibang section.",Negative,2026-08-03
BSBA,4,Payments,"Nahirapan akong makipag-ayos sa refund ko, sobrang tagal ng proseso. Also, Ilang araw bago ma-reflect ang bayad ko sa system, nag-alala ako baka mabansag late.",Negative,2026-08-20
BSCS,1,Staff,"Honestly, Very accommodating sila kahit maraming tao, hindi sila nagmamadali sa amin. Napakabilis at organized ng proseso, isang beses lang ako pumunta tapos na agad.",Positive,2026-08-21
BSIS,3,Facilities,"Sa totoo lang, Sobrang siksikan sa room, kulang ang upuan para sa lahat ng estudyante. Plus, Matagal nang sira ang aircon pero wala pa ring inaayos. That's it naman.",Negative,2026-08-18
BSIS,2,Payments,"Honestly, Sapat naman ang info na nakalagay sa invoice, though pwede pa dagdagan ng detalye. Manageable ang installment plan, kahit papaano nakakaabot naman ako. That's it naman.",Neutral,2026-08-01
BSBA,2,Faculty,"For me, Sobrang laganap ng typo sa slides, mukhang hindi pa na-proofread. That's it naman.",Negative,2026-08-07
BSN,3,Faculty,"For me, Sufficient ang materials na ibinigay, though di gaanong interactive. Dagdag pa rito, Consistent naman sa schedule pero konti lang ang interaction sa class. That's it naman.",Neutral,2026-08-21
BSIS,1,Faculty,"Palaging cancelled ang klase pero hindi namin alam kung ano ang gagawin instead. Kasabay nito, Feeling ko sobrang favoritism, iba yung treatment sa ibang section. Sana mapansin ito.",Negative,2026-08-06
BSN,4,Faculty,"Wala akong natutunan sa buong semester, puro readings na wala namang discussion. Grading criteria hindi malinaw, iba-iba ang score kahit parehas lang ang sagot. Sana mapansin ito.",Negative,2026-08-14
BSA,1,Staff,"Honestly, Naantala ang enrollment ko dahil sa mali nilang input sa system. That's it naman.",Negative,2026-08-20
BEED,3,Payments,"Base sa experience ko, Ilang araw bago ma-reflect ang bayad ko sa system, nag-alala ako baka mabansag late. Plus, Confusing ang breakdown ng fees, parang may extra charge na hindi ko na-expect. Sana mapansin ito.",Negative,2026-08-03
BSCS,1,Staff,"Very accommodating sila kahit maraming tao, hindi sila nagmamadali sa amin. Naramdaman ko na sincere sila sa pagtulong, hindi lang basta trabaho lang para sa kanila.",Positive,2026-08-16
BSIS,2,Staff,"Karaniwang klase ng service, hindi masama pero hindi rin sobrang astig. At saka, Medyo mabagal ang proseso pero natapos naman sa huli. Sana ma-continue.",Neutral,2026-08-20
BSA,2,Faculty,"For me, Wala akong natutunan sa buong semester, puro readings na wala namang discussion. At saka, Late palagi mag-post ng grades kaya hindi namin alam kung saan kami kulang.",Negative,2026-08-07
BSBA,1,Payments,"Napakadali ma-access ang payment history online, malinaw lahat ng transaction. Also, Napakabilis maprocess ang refund ko, hindi ko inaasahan na ganoon kabilis. That's it naman.",Positive,2026-08-05
BSBA,4,Facilities,"Base sa experience ko, Functional pa rin ang mga computer sa lab kahit mabagal konti. Also, Gumagana naman ang mga equipment kahit medyo luma na.",Neutral,2026-08-03
BSIT,1,Faculty,"Honestly, Grading criteria hindi malinaw, iba-iba ang score kahit parehas lang ang sagot. Dagdag pa rito, Minsan late siya pumasok pero mahigpit sa amin kapag nahuli kami. Sana po maayos pa.",Negative,2026-08-19
BSN,3,Payments,"Overall, Nagka-error yung system nang magbayad ako, kinailangan kong ulitin ng tatlong beses. At saka, Walang senyales o notification kapag may urgent na balance, nagulat na lang ako. Sana mapansin ito.",Negative,2026-08-03
BSIS,3,Payments,"Base sa experience ko, Hindi pantay ang na-post na balance ko sa totoong binayaran ko. Kasabay nito, Confusing ang breakdown ng fees, parang may extra charge na hindi ko na-expect. Sana ma-continue.",Negative,2026-08-09
BSBA,1,Staff,"Friendly talaga sila kausap, hindi ka mararamdamang burden kahit maraming tanong. Kasabay nito, Very accommodating sila kahit maraming tao, hindi sila nagmamadali sa amin. That's it naman.",Positive,2026-08-17
BSA,4,Payments,"For me, Ilang araw bago ma-reflect ang bayad ko sa system, nag-alala ako baka mabansag late. Plus, Sobrang taas ng miscellaneous fees na hindi naman malinaw kung para saan. Sana ma-continue.",Negative,2026-08-05
BSCS,2,Staff,"Base sa experience ko, Karaniwang klase ng service, hindi masama pero hindi rin sobrang astig. Sana mapansin ito.",Neutral,2026-08-13
BSN,4,Staff,"For me, Nagawa naman yung request ko, konting hintay lang pero okay pa rin. Dagdag pa rito, Medyo mabagal ang proseso pero natapos naman sa huli.",Neutral,2026-08-07
BSBA,1,Staff,"Honestly, Very accommodating sila kahit maraming tao, hindi sila nagmamadali sa amin.",Positive,2026-08-19
BSIT,4,Payments,"Maayos ang tracking ng balance ko, laging updated ang statement of account. Also, Napakadali ma-access ang payment history online, malinaw lahat ng transaction. Yun lang po.",Positive,2026-08-16
BSBA,2,Faculty,"Walang malaking reklamo, pero pwede pa ring paganahin nang konti ang klase. Dagdag pa rito, Ok lang ang setup, minsan mabilis mag-move sa next topic pero survivable. Yun lang po.",Neutral,2026-08-09
BEED,4,Faculty,"Kudos talaga, hindi boring ang lecture kahit tatlong oras. Kasabay nito, Napakadetalyado ng feedback sa mga output namin, malaking tulong para umimprove. Sana mapansin ito.",Positive,2026-08-03
BSCS,2,Faculty,"Base sa experience ko, Buong klase, sobrang engaged lahat kasi may mga case studies na kawili-wili. Also, Napakadetalyado ng feedback sa mga output namin, malaking tulong para umimprove.",Positive,2026-08-16
BSIT,4,Payments,"Nahirapan akong makipag-ayos sa refund ko, sobrang tagal ng proseso. Plus, Nagka-error yung system nang magbayad ako, kinailangan kong ulitin ng tatlong beses. Sana po maayos pa.",Negative,2026-08-09
BSIT,4,Facilities,"For me, Sapat naman ang espasyo sa classroom kahit medyo crowded minsan. Kasabay nito, Okay lang naman ang mga pasilidad, wala namang malaking problema. Sana mapansin ito.",Neutral,2026-08-06
BSN,4,Facilities,"Base sa experience ko, Well-maintained ang mga equipment sa laboratory, gumagana lahat nang maayos. Dagdag pa rito, Napansin kong mas maayos na ang aircon sa mga labs, hindi na sobrang init. Yun lang po.",Positive,2026-08-04
BEED,4,Faculty,"Talaga pong natutuwa ako sa paraan ng pagtuturo ni Sir—kahit mahirap ang topic, naiintindihan ko agad. Also, Patient siya sa mga tanong namin kahit paulit-ulit, sobrang bait niya explain ng explain. Sana ma-continue.",Positive,2026-08-16
BSN,1,Staff,"Sa totoo lang, Very accommodating sila kahit maraming tao, hindi sila nagmamadali sa amin. Sana ma-continue.",Positive,2026-08-14
BSA,1,Faculty,"Base sa experience ko, Sufficient ang materials na ibinigay, though di gaanong interactive. Passable ang klase, may mga part lang na medyo mahirap sundan. Sana mapansin ito.",Neutral,2026-08-17
BSIT,1,Staff,"Honestly, Hindi ma-contact ang office, ilang beses akong tumawag walang sumasagot. Also, Ang tagal ng pila, mahigit isang oras ako naghintay para lang sa simpleng request. Sana mapansin ito.",Negative,2026-08-10
BSN,1,Staff,"Ang galing ng customer service, sinagot lahat ng tanong ko nang maayos. Plus, Sobrang bilis ng pag-proseso ng request ko, hindi na ako naghintay ng matagal. Sana mapansin ito.",Positive,2026-08-16
BSA,1,Staff,"Base sa experience ko, Ang bait ng staff sa registrar, tinulungan ako agad sa concern ko. Sobrang bilis ng pag-proseso ng request ko, hindi na ako naghintay ng matagal. Sana mapansin ito.",Positive,2026-08-20
BSA,1,Facilities,"Maayos na ang signage sa buong campus, hindi na ako nalilito saan pupunta. Salamat sa maayos na CRs, laging malinis kapag pumupunta ako.",Positive,2026-08-02
BSCS,3,Faculty,"Base sa experience ko, Feeling ko sobrang favoritism, iba yung treatment sa ibang section.",Negative,2026-08-18
BSIS,3,Payments,"Base sa experience ko, Nagawa naman ang bayad ko kahit medyo malabo yung instructions sa simula. Standard lang ang fees, wala namang malaking pagbabago kumpara noon.",Neutral,2026-08-09
BSA,2,Faculty,"Sa totoo lang, Sakto lang ang pace, hindi mabilis pero hindi rin masyadong mabagal. Also, Medyo puro lecture pero at least clear naman ang mga concepts.",Neutral,2026-08-17
BEED,1,Facilities,"Sa totoo lang, Maganda na ang wifi sa campus, hindi na nade-delay ang mga online activities namin. At saka, Ang ganda ng bagong study hub, sulit gamitin lalo na tuwing exam week.",Positive,2026-08-14
BSIS,3,Payments,"Salamat sa flexible payment terms, malaking tulong para sa amin na estudyante. Also, Napakabilis maprocess ang refund ko, hindi ko inaasahan na ganoon kabilis. That's it naman.",Positive,2026-08-14
BSCS,3,Staff,"Overall, Nagawa ang kailangan ko kahit medyo kailangan kong balikan ng ilang beses. Sana po maayos pa.",Neutral,2026-08-20
BEED,1,Faculty,"Honestly, Kahit strict, makikita mo naman na gusto niya kami matuto ng maayos. At saka, Nagustuhan ko yung ginawa niyang group projects, naging mas fun ang pag-aaral. Sana mapansin ito.",Positive,2026-08-19
BSN,2,Staff,"Honestly, Salamat sa staff na patient magpaliwanag ng steps para sa clearance ko. Sana mapansin ito.",Positive,2026-08-18
BSN,3,Facilities,"Ang linis at ayos ng library ngayon, sobrang conducive mag-aral. At saka, Sobrang comfortable ng bagong chairs sa classroom, hindi na masakit ang likod. Sana mapansin ito.",Positive,2026-08-06
BSIS,1,Facilities,"For me, Salamat sa maayos na CRs, laging malinis kapag pumupunta ako. Kasabay nito, Well-maintained ang mga equipment sa laboratory, gumagana lahat nang maayos.",Positive,2026-08-08
BSIT,1,Payments,"For me, Hindi pantay ang na-post na balance ko sa totoong binayaran ko.",Negative,2026-08-06
BSIT,4,Payments,"Ang bilis ng confirmation pagkatapos magbayad, walang problema sa receipt.",Positive,2026-08-16
BSA,3,Facilities,"Overall, Manageable naman ang traffic sa hallway kahit peak hours. Also, Standard lang ang kondisyon ng canteen, walang masyadong reklamo.",Neutral,2026-08-17
BSA,2,Payments,"Sapat naman ang info na nakalagay sa invoice, though pwede pa dagdagan ng detalye. Sana ma-continue.",Neutral,2026-08-10
BSIT,4,Faculty,"For me, Nakakatuwa kasi may humor pa sa gitna ng mahirap na lesson, hindi nakakaantok. Napakadetalyado ng feedback sa mga output namin, malaking tulong para umimprove. Yun lang po.",Positive,2026-08-07
BSN,4,Payments,"Napakabilis maprocess ang refund ko, hindi ko inaasahan na ganoon kabilis. Maayos ang tracking ng balance ko, laging updated ang statement of account.",Positive,2026-08-08
BSA,4,Payments,"Sa totoo lang, Sobrang taas ng miscellaneous fees na hindi naman malinaw kung para saan. Hindi pantay ang na-post na balance ko sa totoong binayaran ko. That's it naman.",Negative,2026-08-10
BSIT,4,Facilities,"Base sa experience ko, Matagal nang sira ang aircon pero wala pa ring inaayos. Dagdag pa rito, Maputik at madulas ang daanan tuwing umuulan, delikado talaga. That's it naman.",Negative,2026-08-17
BSIT,1,Payments,"For me, Gumagana naman ang portal kahit minsan medyo mabagal mag-load. Sana po maayos pa.",Neutral,2026-08-16
BSCS,2,Faculty,"Proud ako maging student niya, malaki ang natutunan ko this semester. Sana mapansin ito.",Positive,2026-08-03
BSBA,4,Faculty,"For me, Ang bilis niya sumagot sa messages namin, super approachable talaga.",Positive,2026-08-20
BSN,3,Faculty,"Sa totoo lang, Average lang, may improvement pero pwede pa i-improve ang engagement. At saka, Nasusundan ko naman ang lesson kahit medyo mabilis minsan. That's it naman.",Neutral,2026-08-20
BSIT,4,Staff,"Honestly, Rude yung pagsagot sa akin kahit magalang naman ako magtanong. Naantala ang enrollment ko dahil sa mali nilang input sa system. Sana ma-continue.",Negative,2026-08-06
BEED,2,Payments,"Overall, Standard lang ang fees, wala namang malaking pagbabago kumpara noon. Dagdag pa rito, Gumagana naman ang portal kahit minsan medyo mabagal mag-load. Yun lang po.",Neutral,2026-08-20
BSIT,4,Facilities,"Sobrang siksikan sa room, kulang ang upuan para sa lahat ng estudyante. Kulang ang ilaw sa hallway kaya madilim tuwing gabi may klase pa. That's it naman.",Negative,2026-08-18
BSA,4,Facilities,"Base sa experience ko, Functional pa rin ang mga computer sa lab kahit mabagal konti.",Neutral,2026-08-16
BEED,4,Staff,"Sa totoo lang, Efficient sila mag-assist, alam nila agad kung ano gagawin ko. At saka, Friendly talaga sila kausap, hindi ka mararamdamang burden kahit maraming tanong.",Positive,2026-08-05
BSN,4,Payments,"Maayos ang tracking ng balance ko, laging updated ang statement of account. Dagdag pa rito, Salamat sa flexible payment terms, malaking tulong para sa amin na estudyante. Sana mapansin ito.",Positive,2026-08-15
BSIT,2,Payments,"For me, Nagka-error yung system nang magbayad ako, kinailangan kong ulitin ng tatlong beses. Kasabay nito, Nag-crash ang portal habang nagbabayad ako, hindi ko alam kung na-charge na ako o hindi. Sana po maayos pa.",Negative,2026-08-15
BSBA,3,Staff,"For me, Sobrang bilis ng pag-proseso ng request ko, hindi na ako naghintay ng matagal. That's it naman.",Positive,2026-08-12
BSIT,3,Staff,"Base sa experience ko, Ang galing ng customer service, sinagot lahat ng tanong ko nang maayos. Plus, Naramdaman ko na sincere sila sa pagtulong, hindi lang basta trabaho lang para sa kanila. Yun lang po.",Positive,2026-08-12
BSIS,4,Payments,"For me, Nagka-error yung system nang magbayad ako, kinailangan kong ulitin ng tatlong beses. Plus, Sobrang taas ng miscellaneous fees na hindi naman malinaw kung para saan. Sana mapansin ito.",Negative,2026-08-12
BSCS,1,Payments,"Sa totoo lang, Napakabilis maprocess ang refund ko, hindi ko inaasahan na ganoon kabilis. That's it naman.",Positive,2026-08-04
BSBA,2,Payments,"Honestly, Nagka-error yung system nang magbayad ako, kinailangan kong ulitin ng tatlong beses. Yun lang po.",Negative,2026-08-18
BSCS,4,Facilities,"For me, Sobrang siksikan sa room, kulang ang upuan para sa lahat ng estudyante. Sana mapansin ito.",Negative,2026-08-07
BSBA,4,Staff,"Very accommodating sila kahit maraming tao, hindi sila nagmamadali sa amin. Dagdag pa rito, Salamat sa staff na patient magpaliwanag ng steps para sa clearance ko.",Positive,2026-08-01
BSN,1,Payments,"Overall, Napakabilis maprocess ang refund ko, hindi ko inaasahan na ganoon kabilis. Also, Clear ang breakdown ng fees, walang hidden charges na nakakagulat. Yun lang po.",Positive,2026-08-06
BSN,2,Payments,"Base sa experience ko, Sobrang taas ng miscellaneous fees na hindi naman malinaw kung para saan. Sana po maayos pa.",Negative,2026-08-05
BSIS,1,Staff,"Honestly, Nawala yung documents ko, kailangan ko pang mag-resubmit ng lahat. Dagdag pa rito, Naantala ang enrollment ko dahil sa mali nilang input sa system. That's it naman.",Negative,2026-08-13
BSBA,1,Facilities,Sapat naman ang espasyo sa classroom kahit medyo crowded minsan. Sana mapansin ito.,Neutral,2026-08-15
BSA,4,Staff,"Overall, Salamat sa staff na patient magpaliwanag ng steps para sa clearance ko. Kasabay nito, Efficient sila mag-assist, alam nila agad kung ano gagawin ko.",Positive,2026-08-21
BSIT,4,Faculty,Sobrang organized ng modules and lahat ng deadlines clear from day one.,Positive,2026-08-07
BSIS,2,Faculty,"Fine naman siya bilang teacher, gets ko naman ang mga tinuturo. At saka, Walang malaking reklamo, pero pwede pa ring paganahin nang konti ang klase.",Neutral,2026-08-16
BSIT,1,Payments,"For me, Confusing ang breakdown ng fees, parang may extra charge na hindi ko na-expect. Sobrang taas ng miscellaneous fees na hindi naman malinaw kung para saan. Sana mapansin ito.",Negative,2026-08-08
BEED,4,Payments,"Sa totoo lang, Nahirapan akong makipag-ayos sa refund ko, sobrang tagal ng proseso.",Negative,2026-08-06
BSIT,2,Staff,"Overall, Ilang beses akong bumalik dahil hindi complete ang binigay nilang instructions. Sana po maayos pa.",Negative,2026-08-04
BSBA,1,Facilities,"For me, Manageable naman ang traffic sa hallway kahit peak hours. Sana po maayos pa.",Neutral,2026-08-19
BSCS,4,Payments,"Honestly, Napakabilis maprocess ang refund ko, hindi ko inaasahan na ganoon kabilis. Sana po maayos pa.",Positive,2026-08-03
BSN,4,Staff,"Ilang beses akong bumalik dahil hindi complete ang binigay nilang instructions. Dagdag pa rito, Naantala ang enrollment ko dahil sa mali nilang input sa system. Sana po maayos pa.",Negative,2026-08-05
BSN,1,Payments,"Base sa experience ko, Standard lang ang fees, wala namang malaking pagbabago kumpara noon. Kasabay nito, Nagawa naman ang bayad ko kahit medyo malabo yung instructions sa simula. Yun lang po.",Neutral,2026-08-03
BSN,1,Facilities,"For me, Maputik at madulas ang daanan tuwing umuulan, delikado talaga. Sana mapansin ito.",Negative,2026-08-16
BSA,4,Payments,"Nagawa naman ang bayad ko kahit medyo malabo yung instructions sa simula. Dagdag pa rito, Standard lang ang fees, wala namang malaking pagbabago kumpara noon. Yun lang po.",Neutral,2026-08-15
BEED,4,Payments,Nagawa naman ang bayad ko kahit medyo malabo yung instructions sa simula. Sana po maayos pa.,Neutral,2026-08-02
BSCS,4,Faculty,"Sa totoo lang, Wala akong natutunan sa buong semester, puro readings na wala namang discussion. Dagdag pa rito, Palaging cancelled ang klase pero hindi namin alam kung ano ang gagawin instead. Yun lang po.",Negative,2026-08-07
BSIT,3,Facilities,"Matagal nang sira ang aircon pero wala pa ring inaayos. Dagdag pa rito, Palaging discconnect ang wifi, nakakaabala sa mga submission namin. Sana ma-continue.",Negative,2026-08-01
BSN,3,Facilities,"Base sa experience ko, Ang linis at ayos ng library ngayon, sobrang conducive mag-aral. Dagdag pa rito, Napansin kong mas maayos na ang aircon sa mga labs, hindi na sobrang init. Sana ma-continue.",Positive,2026-08-15
BSBA,4,Faculty,"Okay lang naman ang klase, standard lang, walang masyadong kakaiba. Dagdag pa rito, Nasusundan ko naman ang lesson kahit medyo mabilis minsan. Sana mapansin ito.",Neutral,2026-08-07
BEED,3,Staff,"Overall, Sapat naman ang tulong, though pwede pang paganahan ang follow-through. Sana mapansin ito.",Neutral,2026-08-12
BSIS,4,Staff,"Honestly, Naantala ang enrollment ko dahil sa mali nilang input sa system. Plus, Hindi ma-contact ang office, ilang beses akong tumawag walang sumasagot. Sana ma-continue.",Negative,2026-08-15
BSIT,1,Staff,"Parang naiirita sila kapag nagtatanong kami, minsan makasakit ng loob ang sagot. Dagdag pa rito, Sobrang unorganized ng linya, nagulo lahat kasi walang numbering system. Sana mapansin ito.",Negative,2026-08-07
BEED,2,Facilities,"Okay lang naman ang mga pasilidad, wala namang malaking problema. Also, Standard lang ang kondisyon ng canteen, walang masyadong reklamo. Sana mapansin ito.",Neutral,2026-08-13
BSCS,2,Payments,"Madali lang mag-bayad online, ilang minuto lang tapos na agad ang transaction. That's it naman.",Positive,2026-08-13
BEED,1,Facilities,"For me, Gumagana naman ang mga equipment kahit medyo luma na. Dagdag pa rito, Functional pa rin ang mga computer sa lab kahit mabagal konti. Sana mapansin ito.",Neutral,2026-08-02
BSIS,1,Facilities,"Okay lang naman ang mga pasilidad, wala namang malaking problema. Dagdag pa rito, Gumagana naman ang mga equipment kahit medyo luma na.",Neutral,2026-08-19
BEED,4,Facilities,"Overall, Okay lang naman ang mga pasilidad, wala namang malaking problema. Sana mapansin ito.",Neutral,2026-08-14
BSIS,1,Facilities,"Base sa experience ko, Sobrang siksikan sa room, kulang ang upuan para sa lahat ng estudyante. Kasabay nito, Sira ang projector kaya hirap kaming makita ang mga slides.",Negative,2026-08-21
BSIT,4,Facilities,"Overall, Ang linis at ayos ng library ngayon, sobrang conducive mag-aral. At saka, Ang ganda ng bagong study hub, sulit gamitin lalo na tuwing exam week.",Positive,2026-08-21
BSBA,4,Faculty,"Sa totoo lang, Medyo puro lecture pero at least clear naman ang mga concepts. Kasabay nito, Average lang, may improvement pero pwede pa i-improve ang engagement. Sana mapansin ito.",Neutral,2026-08-17
BEED,3,Facilities,"Overall, Sira ang projector kaya hirap kaming makita ang mga slides. Dagdag pa rito, Maputik at madulas ang daanan tuwing umuulan, delikado talaga.",Negative,2026-08-14
BEED,3,Facilities,"Base sa experience ko, Maganda na ang wifi sa campus, hindi na nade-delay ang mga online activities namin. Sana ma-continue.",Positive,2026-08-09
BSBA,3,Facilities,"Honestly, Manageable naman ang traffic sa hallway kahit peak hours. Plus, Functional pa rin ang mga computer sa lab kahit mabagal konti. Sana ma-continue.",Neutral,2026-08-20
BSCS,2,Facilities,"For me, Sapat naman ang espasyo sa classroom kahit medyo crowded minsan. Plus, Standard lang ang kondisyon ng canteen, walang masyadong reklamo. Yun lang po.",Neutral,2026-08-21
BSBA,3,Staff,"Base sa experience ko, Nagawa ang kailangan ko kahit medyo kailangan kong balikan ng ilang beses. Dagdag pa rito, Karaniwang klase ng service, hindi masama pero hindi rin sobrang astig.",Neutral,2026-08-06
BSIS,1,Payments,"For me, Manageable ang installment plan, kahit papaano nakakaabot naman ako.",Neutral,2026-08-05
BSIS,2,Payments,"Honestly, Sobrang taas ng miscellaneous fees na hindi naman malinaw kung para saan. At saka, Nag-crash ang portal habang nagbabayad ako, hindi ko alam kung na-charge na ako o hindi. That's it naman.",Negative,2026-08-19
BSA,2,Faculty,"Nakakalito ang instructions, iba-iba ang sinasabi kada session. Plus, Late palagi mag-post ng grades kaya hindi namin alam kung saan kami kulang.",Negative,2026-08-18
BSBA,2,Payments,"Overall, Nag-crash ang portal habang nagbabayad ako, hindi ko alam kung na-charge na ako o hindi. Plus, Hindi pantay ang na-post na balance ko sa totoong binayaran ko. Sana mapansin ito.",Negative,2026-08-15
BSN,1,Faculty,"Base sa experience ko, Consistent naman sa schedule pero konti lang ang interaction sa class. Also, Sakto lang ang pace, hindi mabilis pero hindi rin masyadong mabagal. Yun lang po.",Neutral,2026-08-16
BEED,4,Staff,"For me, Salamat sa staff na patient magpaliwanag ng steps para sa clearance ko. Friendly talaga sila kausap, hindi ka mararamdamang burden kahit maraming tanong.",Positive,2026-08-11
BSN,3,Facilities,"Honestly, Sobrang init sa loob ng room kasi sira ang aircon for weeks na. Also, Matagal nang sira ang aircon pero wala pa ring inaayos. That's it naman.",Negative,2026-08-03
BSIT,2,Facilities,"Base sa experience ko, Functional pa rin ang mga computer sa lab kahit mabagal konti. Standard lang ang kondisyon ng canteen, walang masyadong reklamo. Yun lang po.",Neutral,2026-08-21
BSA,3,Staff,"Honestly, Approachable sila lalo na yung nasa front desk, madali lang lapitan. Very accommodating sila kahit maraming tao, hindi sila nagmamadali sa amin.",Positive,2026-08-06
BEED,2,Staff,"Fine lang ang experience ko, wala akong major issue sa transaction. At saka, Standard lang ang service, walang masyadong extraordinary pero gumagana naman.",Neutral,2026-08-06
BSIS,3,Payments,"Ilang araw bago ma-reflect ang bayad ko sa system, nag-alala ako baka mabansag late. Also, Nahirapan akong makipag-ayos sa refund ko, sobrang tagal ng proseso. Yun lang po.",Negative,2026-08-10
BSA,3,Facilities,"Base sa experience ko, Maputik at madulas ang daanan tuwing umuulan, delikado talaga. Also, Kulang ang ilaw sa hallway kaya madilim tuwing gabi may klase pa.",Negative,2026-08-15
BSN,3,Faculty,"Overall, Feeling ko mas naintindihan ko ang subject dahil sa paraan ng pagtuturo niya kumpara sa ibang prof.",Positive,2026-08-20
BSA,4,Payments,"Overall, Okay lang ang proseso, walang malaking hassle sa pagbabayad. Dagdag pa rito, Standard lang ang fees, wala namang malaking pagbabago kumpara noon. Sana po maayos pa.",Neutral,2026-08-06
BSCS,4,Staff,"Very accommodating sila kahit maraming tao, hindi sila nagmamadali sa amin. Also, Solved agad nila yung concern ko kahit medyo complicated pa yun.",Positive,2026-08-13
BEED,3,Faculty,"Honestly, Average lang, may improvement pero pwede pa i-improve ang engagement. Sana ma-continue.",Neutral,2026-08-12
BSN,4,Staff,"Overall, Medyo mabagal ang proseso pero natapos naman sa huli. Sana po maayos pa.",Neutral,2026-08-03
BEED,2,Facilities,"Base sa experience ko, Okay lang naman ang mga pasilidad, wala namang malaking problema. Kasabay nito, Gumagana naman ang mga equipment kahit medyo luma na. That's it naman.",Neutral,2026-08-02
BSIT,3,Faculty,"For me, Salamat po sa pagiging maunawain, alam niya kung kailan kailangan ng extension. Sana po maayos pa.",Positive,2026-08-20
BSN,4,Faculty,"Late palagi mag-post ng grades kaya hindi namin alam kung saan kami kulang. Also, Grading criteria hindi malinaw, iba-iba ang score kahit parehas lang ang sagot. Sana mapansin ito.",Negative,2026-08-13
BSBA,2,Facilities,"Palaging discconnect ang wifi, nakakaabala sa mga submission namin. Also, Sira ang projector kaya hirap kaming makita ang mga slides. Sana mapansin ito.",Negative,2026-08-01
BSIS,1,Payments,"Honestly, Okay lang ang proseso, walang malaking hassle sa pagbabayad. Sana po maayos pa.",Neutral,2026-08-05
BSIS,4,Faculty,"Overall, Consistent naman sa schedule pero konti lang ang interaction sa class. Dagdag pa rito, Karaniwan lang ang delivery, hindi masyadong exciting pero informative naman.",Neutral,2026-08-03
BSIT,1,Facilities,"For me, Ang linis at ayos ng library ngayon, sobrang conducive mag-aral. That's it naman.",Positive,2026-08-20
BSCS,2,Faculty,"Sa totoo lang, Feeling ko sobrang favoritism, iba yung treatment sa ibang section. Dagdag pa rito, Nakaka-frustrate kasi hindi na-explain ng maayos bago pa kami binigyan ng exam. Sana mapansin ito.",Negative,2026-08-10
BEED,4,Payments,"Overall, Madali lang mag-bayad online, ilang minuto lang tapos na agad ang transaction. Dagdag pa rito, Napakadali ma-access ang payment history online, malinaw lahat ng transaction. Sana ma-continue.",Positive,2026-08-04
BSN,4,Faculty,"For me, Nasusundan ko naman ang lesson kahit medyo mabilis minsan. Yun lang po.",Neutral,2026-08-12
BSA,2,Payments,"Overall, Manageable ang installment plan, kahit papaano nakakaabot naman ako. Okay lang ang proseso, walang malaking hassle sa pagbabayad. Sana ma-continue.",Neutral,2026-08-18
BSA,4,Payments,"Gumagana naman ang portal kahit minsan medyo mabagal mag-load. Plus, Standard lang ang fees, wala namang malaking pagbabago kumpara noon. Sana ma-continue.",Neutral,2026-08-06
BSIT,4,Facilities,"For me, Okay lang naman ang mga pasilidad, wala namang malaking problema. Dagdag pa rito, Manageable naman ang traffic sa hallway kahit peak hours. Yun lang po.",Neutral,2026-08-10
BSBA,3,Staff,"Efficient sila mag-assist, alam nila agad kung ano gagawin ko. Kasabay nito, Ang bait ng staff sa registrar, tinulungan ako agad sa concern ko.",Positive,2026-08-21
BSCS,2,Payments,"Base sa experience ko, Madali lang mag-bayad online, ilang minuto lang tapos na agad ang transaction. Also, Napakabilis maprocess ang refund ko, hindi ko inaasahan na ganoon kabilis. Yun lang po.",Positive,2026-08-05
BSCS,2,Payments,"Overall, Manageable ang installment plan, kahit papaano nakakaabot naman ako. Dagdag pa rito, Gumagana naman ang portal kahit minsan medyo mabagal mag-load. Sana po maayos pa.",Neutral,2026-08-19
BSN,1,Payments,"Salamat sa flexible payment terms, malaking tulong para sa amin na estudyante. Also, Sobrang convenient ng bagong payment portal, hindi na kailangan pumila.",Positive,2026-08-08
BSA,4,Staff,"Sa totoo lang, Nagawa ang kailangan ko kahit medyo kailangan kong balikan ng ilang beses. At saka, Karaniwang klase ng service, hindi masama pero hindi rin sobrang astig. Sana mapansin ito.",Neutral,2026-08-18
BSIS,2,Staff,"Nagawa naman yung request ko, konting hintay lang pero okay pa rin.",Neutral,2026-08-03
BSIS,3,Faculty,"Sobrang helpful ng consultation hours, laging may time para sa amin. Plus, Nakakatuwa kasi may humor pa sa gitna ng mahirap na lesson, hindi nakakaantok. Sana po maayos pa.",Positive,2026-08-11
BEED,4,Payments,"Honestly, Madali lang mag-bayad online, ilang minuto lang tapos na agad ang transaction. Sana po maayos pa.",Positive,2026-08-13
BSBA,2,Payments,"Napakadali ma-access ang payment history online, malinaw lahat ng transaction. Kasabay nito, Salamat sa flexible payment terms, malaking tulong para sa amin na estudyante. Sana mapansin ito.",Positive,2026-08-19
BSCS,4,Payments,"For me, Nag-crash ang portal habang nagbabayad ako, hindi ko alam kung na-charge na ako o hindi. At saka, Sobrang taas ng miscellaneous fees na hindi naman malinaw kung para saan.",Negative,2026-08-15
BSN,2,Facilities,"Overall, Marumi ang mga CR, matagal nang hindi na-clean ayon sa nakikita ko. Sana po maayos pa.",Negative,2026-08-17
BSIS,3,Faculty,"Kahit strict, makikita mo naman na gusto niya kami matuto ng maayos. Feeling ko mas naintindihan ko ang subject dahil sa paraan ng pagtuturo niya kumpara sa ibang prof. That's it naman.",Positive,2026-08-11
BSIS,1,Staff,"Sinagot naman lahat ng katanungan ko kahit hindi masyadong detalyado. Plus, Nagawa ang kailangan ko kahit medyo kailangan kong balikan ng ilang beses.",Neutral,2026-08-03
BSN,4,Faculty,"Wala akong natutunan sa buong semester, puro readings na wala namang discussion. Sana ma-continue.",Negative,2026-08-16
BEED,1,Staff,"Honestly, Friendly talaga sila kausap, hindi ka mararamdamang burden kahit maraming tanong. Kasabay nito, Sobrang bilis ng pag-proseso ng request ko, hindi na ako naghintay ng matagal.",Positive,2026-08-16
BSN,1,Faculty,"Honestly, Medyo puro lecture pero at least clear naman ang mga concepts. At saka, Gets ko naman kahit papaano, though mas gusto ko sana may mas maraming halimbawa. Sana ma-continue.",Neutral,2026-08-18
BSIT,4,Faculty,"Sa totoo lang, Grading criteria hindi malinaw, iba-iba ang score kahit parehas lang ang sagot. Plus, Sobrang laganap ng typo sa slides, mukhang hindi pa na-proofread. Yun lang po.",Negative,2026-08-10
BSIS,4,Faculty,"Base sa experience ko, Nakaka-inspire yung dedication niya sa amin, sobrang malaking tulong sa pag-aaral ko. Napakadetalyado ng feedback sa mga output namin, malaking tulong para umimprove.",Positive,2026-08-16
BSIT,2,Payments,"Okay lang ang proseso, walang malaking hassle sa pagbabayad. Also, Nagawa naman ang bayad ko kahit medyo malabo yung instructions sa simula. Sana po maayos pa.",Neutral,2026-08-11
BSN,1,Facilities,"Base sa experience ko, Standard lang ang kondisyon ng canteen, walang masyadong reklamo. Functional pa rin ang mga computer sa lab kahit mabagal konti. Sana ma-continue.",Neutral,2026-08-12
BSCS,3,Faculty,"Parang galit palagi kapag nagtatanong kami, nakakatakot lumapit.",Negative,2026-08-18
BSN,3,Payments,"Ilang araw bago ma-reflect ang bayad ko sa system, nag-alala ako baka mabansag late. Also, Nag-crash ang portal habang nagbabayad ako, hindi ko alam kung na-charge na ako o hindi. Sana mapansin ito.",Negative,2026-08-08
BEED,4,Facilities,"Overall, Ang ganda ng bagong study hub, sulit gamitin lalo na tuwing exam week. Also, Maayos na ang signage sa buong campus, hindi na ako nalilito saan pupunta. Sana po maayos pa.",Positive,2026-08-09
BSBA,4,Payments,"Okay lang ang proseso, walang malaking hassle sa pagbabayad. Kasabay nito, Manageable ang installment plan, kahit papaano nakakaabot naman ako. Sana mapansin ito.",Neutral,2026-08-11
BSIS,4,Faculty,"Sa totoo lang, Medyo puro lecture pero at least clear naman ang mga concepts. Also, Fine naman siya bilang teacher, gets ko naman ang mga tinuturo.",Neutral,2026-08-08
BSIS,2,Faculty,"Grabe ang dami ng requirements na binigay overnight lang, sobrang stressful. Sana ma-continue.",Negative,2026-08-15
BSIS,3,Faculty,"Overall, Talaga pong natutuwa ako sa paraan ng pagtuturo ni Sir—kahit mahirap ang topic, naiintindihan ko agad. Dagdag pa rito, Ang bilis niya sumagot sa messages namin, super approachable talaga. That's it naman.",Positive,2026-08-04
BSIS,4,Faculty,"Gets ko naman kahit papaano, though mas gusto ko sana may mas maraming halimbawa. Also, Karaniwan lang ang delivery, hindi masyadong exciting pero informative naman. Sana ma-continue.",Neutral,2026-08-20
BSN,2,Facilities,"Sa totoo lang, Gumagana naman ang mga equipment kahit medyo luma na. Dagdag pa rito, Sapat naman ang espasyo sa classroom kahit medyo crowded minsan.",Neutral,2026-08-18
BSA,1,Faculty,"Sa totoo lang, Ang linaw ng instructions niya, walang naguguluhan sa requirements. That's it naman.",Positive,2026-08-06
BEED,3,Faculty,"Manageable ang workload, though pwede pang dagdagan ng examples.",Neutral,2026-08-12
BSA,3,Facilities,"Honestly, Maputik at madulas ang daanan tuwing umuulan, delikado talaga. Also, Palaging discconnect ang wifi, nakakaabala sa mga submission namin. That's it naman.",Negative,2026-08-13
BSCS,1,Payments,"Honestly, Standard lang ang fees, wala namang malaking pagbabago kumpara noon. Dagdag pa rito, Nagawa naman ang bayad ko kahit medyo malabo yung instructions sa simula. Sana ma-continue.",Neutral,2026-08-09
BEED,4,Faculty,"Feeling ko sobrang favoritism, iba yung treatment sa ibang section. At saka, Grading criteria hindi malinaw, iba-iba ang score kahit parehas lang ang sagot.",Negative,2026-08-02
BSCS,4,Faculty,"For me, Feeling ko mas naintindihan ko ang subject dahil sa paraan ng pagtuturo niya kumpara sa ibang prof. Also, Talaga pong natutuwa ako sa paraan ng pagtuturo ni Sir—kahit mahirap ang topic, naiintindihan ko agad. Sana ma-continue.",Positive,2026-08-11
BSBA,3,Payments,"Confusing ang breakdown ng fees, parang may extra charge na hindi ko na-expect. Dagdag pa rito, Nag-crash ang portal habang nagbabayad ako, hindi ko alam kung na-charge na ako o hindi. Yun lang po.",Negative,2026-08-06
BSCS,3,Facilities,"Base sa experience ko, Kulang ang ilaw sa hallway kaya madilim tuwing gabi may klase pa. Sana ma-continue.",Negative,2026-08-06
BSA,4,Staff,"Overall, Ang tagal ng pila, mahigit isang oras ako naghintay para lang sa simpleng request. Plus, Rude yung pagsagot sa akin kahit magalang naman ako magtanong. Sana ma-continue.",Negative,2026-08-01
BSN,3,Staff,"Honestly, Ang bait ng staff sa registrar, tinulungan ako agad sa concern ko. Dagdag pa rito, Solved agad nila yung concern ko kahit medyo complicated pa yun. Yun lang po.",Positive,2026-08-10
BSA,4,Faculty,"Honestly, Ang saya ng klase dahil interactive at hindi puro lecture lang, may activities talaga. Buong klase, sobrang engaged lahat kasi may mga case studies na kawili-wili. Sana mapansin ito.",Positive,2026-08-15
BSIS,2,Facilities,"Base sa experience ko, Functional pa rin ang mga computer sa lab kahit mabagal konti. Sapat naman ang espasyo sa classroom kahit medyo crowded minsan. That's it naman.",Neutral,2026-08-01
BSA,3,Faculty,"Grading criteria hindi malinaw, iba-iba ang score kahit parehas lang ang sagot. At saka, Wala akong natutunan sa buong semester, puro readings na wala namang discussion.",Negative,2026-08-06
BSCS,1,Staff,"Overall, Sobrang bagal, parang walang urgency kahit alam nilang may deadline kami. Plus, Naantala ang enrollment ko dahil sa mali nilang input sa system.",Negative,2026-08-06
BSN,2,Faculty,"Nakaka-inspire yung dedication niya sa amin, sobrang malaking tulong sa pag-aaral ko.",Positive,2026-08-09
BSCS,4,Faculty,"For me, Patient siya sa mga tanong namin kahit paulit-ulit, sobrang bait niya explain ng explain. Talaga pong natutuwa ako sa paraan ng pagtuturo ni Sir—kahit mahirap ang topic, naiintindihan ko agad. Sana po maayos pa.",Positive,2026-08-17
BSIT,4,Payments,Gumagana naman ang portal kahit minsan medyo mabagal mag-load.,Neutral,2026-08-19
BSCS,3,Facilities,"Well-maintained ang mga equipment sa laboratory, gumagana lahat nang maayos. Plus, Ang linis at ayos ng library ngayon, sobrang conducive mag-aral.",Positive,2026-08-05
BSCS,1,Staff,"Honestly, Nagawa naman yung request ko, konting hintay lang pero okay pa rin. Sana po maayos pa.",Neutral,2026-08-10
BSBA,3,Faculty,"For me, Consistent naman sa schedule pero konti lang ang interaction sa class. Sana po maayos pa.",Neutral,2026-08-02
BSA,4,Facilities,"Base sa experience ko, Well-maintained ang mga equipment sa laboratory, gumagana lahat nang maayos. Ang ganda ng bagong study hub, sulit gamitin lalo na tuwing exam week. That's it naman.",Positive,2026-08-13
BSIT,3,Payments,"Sa totoo lang, Nag-crash ang portal habang nagbabayad ako, hindi ko alam kung na-charge na ako o hindi. That's it naman.",Negative,2026-08-01
BSA,1,Faculty,"Base sa experience ko, Nasusundan ko naman ang lesson kahit medyo mabilis minsan. At saka, Karaniwan lang ang delivery, hindi masyadong exciting pero informative naman.",Neutral,2026-08-04
BSA,4,Facilities,"Overall, Sira ang projector kaya hirap kaming makita ang mga slides. Plus, Marumi ang mga CR, matagal nang hindi na-clean ayon sa nakikita ko. Sana mapansin ito.",Negative,2026-08-04
BSN,1,Staff,"For me, Karaniwang klase ng service, hindi masama pero hindi rin sobrang astig. Sana po maayos pa.",Neutral,2026-08-07
BSBA,4,Facilities,"Sa totoo lang, Functional pa rin ang mga computer sa lab kahit mabagal konti. Kasabay nito, Gumagana naman ang mga equipment kahit medyo luma na. That's it naman.",Neutral,2026-08-13
BEED,1,Faculty,"For me, Ang linaw ng instructions niya, walang naguguluhan sa requirements. Nagustuhan ko yung ginawa niyang group projects, naging mas fun ang pag-aaral. Sana ma-continue.",Positive,2026-08-18
BSN,2,Staff,"Base sa experience ko, Nagawa ang kailangan ko kahit medyo kailangan kong balikan ng ilang beses. That's it naman.",Neutral,2026-08-09
BEED,4,Facilities,"Sobrang comfortable ng bagong chairs sa classroom, hindi na masakit ang likod. Dagdag pa rito, Ang linis at ayos ng library ngayon, sobrang conducive mag-aral. Sana po maayos pa.",Positive,2026-08-18
BSBA,2,Faculty,"Gets ko naman kahit papaano, though mas gusto ko sana may mas maraming halimbawa. Dagdag pa rito, Consistent naman sa schedule pero konti lang ang interaction sa class.",Neutral,2026-08-12
BSIS,4,Faculty,"Kahit strict, makikita mo naman na gusto niya kami matuto ng maayos. At saka, Nakaka-inspire yung dedication niya sa amin, sobrang malaking tulong sa pag-aaral ko. Yun lang po.",Positive,2026-08-11
BSCS,1,Faculty,"Base sa experience ko, Nagustuhan ko yung ginawa niyang group projects, naging mas fun ang pag-aaral. Dagdag pa rito, Kahit strict, makikita mo naman na gusto niya kami matuto ng maayos. Sana ma-continue.",Positive,2026-08-14
BSCS,1,Staff,Salamat sa staff na patient magpaliwanag ng steps para sa clearance ko.,Positive,2026-08-10
BSIT,2,Facilities,"Overall, Napansin kong mas maayos na ang aircon sa mga labs, hindi na sobrang init. Also, Maganda na ang wifi sa campus, hindi na nade-delay ang mga online activities namin. That's it naman.",Positive,2026-08-09
BSA,4,Payments,"Sa totoo lang, Napakabilis maprocess ang refund ko, hindi ko inaasahan na ganoon kabilis. Plus, Madali lang mag-bayad online, ilang minuto lang tapos na agad ang transaction. Sana ma-continue.",Positive,2026-08-16
BSCS,3,Payments,"Sa totoo lang, Sapat naman ang info na nakalagay sa invoice, though pwede pa dagdagan ng detalye. Dagdag pa rito, Standard lang ang fees, wala namang malaking pagbabago kumpara noon. Sana po maayos pa.",Neutral,2026-08-17
BSBA,2,Staff,"Medyo mabagal ang proseso pero natapos naman sa huli. Kasabay nito, Sapat naman ang tulong, though pwede pang paganahan ang follow-through.",Neutral,2026-08-11
BSIT,4,Faculty,"Passable ang klase, may mga part lang na medyo mahirap sundan. Sana ma-continue.",Neutral,2026-08-03
BSBA,4,Facilities,"Overall, Gumagana naman ang mga equipment kahit medyo luma na. Sana mapansin ito.",Neutral,2026-08-04
BSBA,1,Facilities,"Sa totoo lang, Sapat naman ang espasyo sa classroom kahit medyo crowded minsan. Sana ma-continue.",Neutral,2026-08-11
BEED,2,Faculty,"Honestly, Palaging cancelled ang klase pero hindi namin alam kung ano ang gagawin instead. Sana mapansin ito.",Negative,2026-08-12
BSA,3,Staff,"Overall, Fine lang ang experience ko, wala akong major issue sa transaction.",Neutral,2026-08-18
BSIS,2,Staff,Ilang beses akong bumalik dahil hindi complete ang binigay nilang instructions.,Negative,2026-08-03
BSIT,4,Facilities,"Sobrang init sa loob ng room kasi sira ang aircon for weeks na. Kasabay nito, Maputik at madulas ang daanan tuwing umuulan, delikado talaga. Sana ma-continue.",Negative,2026-08-03
BSIT,3,Payments,"Nag-crash ang portal habang nagbabayad ako, hindi ko alam kung na-charge na ako o hindi. Also, Walang senyales o notification kapag may urgent na balance, nagulat na lang ako. Sana ma-continue.",Negative,2026-08-13
BSIT,1,Faculty,"Honestly, Nasusundan ko naman ang lesson kahit medyo mabilis minsan.",Neutral,2026-08-07
BSCS,4,Staff,"Sa totoo lang, Standard lang ang service, walang masyadong extraordinary pero gumagana naman. Plus, Okay lang naman, ginawa naman nila trabaho nila kahit medyo tahimik.",Neutral,2026-08-07
BSCS,2,Staff,"Honestly, Nagawa naman yung request ko, konting hintay lang pero okay pa rin. Kasabay nito, Standard lang ang service, walang masyadong extraordinary pero gumagana naman. That's it naman.",Neutral,2026-08-21
BSIT,4,Staff,"Overall, Efficient sila mag-assist, alam nila agad kung ano gagawin ko. Nagpapasalamat ako sa tulong nila, naayos agad yung isyu ko sa records. Sana po maayos pa.",Positive,2026-08-01
BEED,1,Facilities,"Overall, Sira ang projector kaya hirap kaming makita ang mga slides. Sobrang siksikan sa room, kulang ang upuan para sa lahat ng estudyante. Sana mapansin ito.",Negative,2026-08-07
BEED,1,Staff,"Karaniwang klase ng service, hindi masama pero hindi rin sobrang astig. Plus, Okay lang naman, ginawa naman nila trabaho nila kahit medyo tahimik.",Neutral,2026-08-08
BSIS,1,Facilities,"Sa totoo lang, Manageable naman ang traffic sa hallway kahit peak hours. Dagdag pa rito, Standard lang ang kondisyon ng canteen, walang masyadong reklamo. Sana po maayos pa.",Neutral,2026-08-18
BSN,3,Payments,"Nag-crash ang portal habang nagbabayad ako, hindi ko alam kung na-charge na ako o hindi. At saka, Confusing ang breakdown ng fees, parang may extra charge na hindi ko na-expect. That's it naman.",Negative,2026-08-16
BSCS,1,Payments,"Overall, Gumagana naman ang portal kahit minsan medyo mabagal mag-load. Sana mapansin ito.",Neutral,2026-08-20
BSA,1,Staff,"Sa totoo lang, Parang naiirita sila kapag nagtatanong kami, minsan makasakit ng loob ang sagot.",Negative,2026-08-01
BSBA,3,Facilities,"For me, Maganda na ang wifi sa campus, hindi na nade-delay ang mga online activities namin. At saka, Ang linis at ayos ng library ngayon, sobrang conducive mag-aral.",Positive,2026-08-21
BSA,4,Payments,"Base sa experience ko, Sobrang taas ng miscellaneous fees na hindi naman malinaw kung para saan. Kasabay nito, Ilang araw bago ma-reflect ang bayad ko sa system, nag-alala ako baka mabansag late. That's it naman.",Negative,2026-08-19
BEED,1,Staff,"Sobrang bilis ng pag-proseso ng request ko, hindi na ako naghintay ng matagal. Also, Napakabilis at organized ng proseso, isang beses lang ako pumunta tapos na agad. That's it naman.",Positive,2026-08-17
BEED,3,Facilities,"For me, Functional pa rin ang mga computer sa lab kahit mabagal konti. Also, Manageable naman ang traffic sa hallway kahit peak hours. Sana mapansin ito.",Neutral,2026-08-20
BEED,1,Payments,"Base sa experience ko, Walang senyales o notification kapag may urgent na balance, nagulat na lang ako. Sana po maayos pa.",Negative,2026-08-15
BSN,3,Staff,"Base sa experience ko, Rude yung pagsagot sa akin kahit magalang naman ako magtanong.",Negative,2026-08-18
BSN,2,Payments,"Base sa experience ko, Nahirapan akong makipag-ayos sa refund ko, sobrang tagal ng proseso. That's it naman.",Negative,2026-08-08
BSIS,3,Faculty,"Base sa experience ko, Sobrang laganap ng typo sa slides, mukhang hindi pa na-proofread.",Negative,2026-08-15
BSN,1,Staff,"Rude yung pagsagot sa akin kahit magalang naman ako magtanong. Plus, Sobrang bagal, parang walang urgency kahit alam nilang may deadline kami. Sana po maayos pa.",Negative,2026-08-20
BSN,2,Payments,"Salamat sa flexible payment terms, malaking tulong para sa amin na estudyante. Sana po maayos pa.",Positive,2026-08-21
BSA,2,Faculty,"Feeling ko sobrang favoritism, iba yung treatment sa ibang section. Dagdag pa rito, Nakakalito ang instructions, iba-iba ang sinasabi kada session. Sana ma-continue.",Negative,2026-08-14
BSA,2,Payments,"Base sa experience ko, Salamat sa flexible payment terms, malaking tulong para sa amin na estudyante. Dagdag pa rito, Ang bilis ng confirmation pagkatapos magbayad, walang problema sa receipt. Sana po maayos pa.",Positive,2026-08-14
BSA,3,Payments,"Base sa experience ko, Standard lang ang fees, wala namang malaking pagbabago kumpara noon. Sana po maayos pa.",Neutral,2026-08-14
BSCS,4,Staff,"Overall, Naantala ang enrollment ko dahil sa mali nilang input sa system. Sana mapansin ito.",Negative,2026-08-03
BSBA,4,Payments,"Sa totoo lang, Manageable ang installment plan, kahit papaano nakakaabot naman ako. Kasabay nito, Okay lang ang proseso, walang malaking hassle sa pagbabayad.",Neutral,2026-08-20
BSIT,4,Payments,"For me, Confusing ang breakdown ng fees, parang may extra charge na hindi ko na-expect. Plus, Nagka-error yung system nang magbayad ako, kinailangan kong ulitin ng tatlong beses. Sana mapansin ito.",Negative,2026-08-16
BEED,4,Faculty,"Overall, Nakaka-frustrate kasi hindi na-explain ng maayos bago pa kami binigyan ng exam. Kasabay nito, Feeling ko sobrang favoritism, iba yung treatment sa ibang section. Sana mapansin ito.",Negative,2026-08-04
BSN,2,Staff,"Nagawa ang kailangan ko kahit medyo kailangan kong balikan ng ilang beses. Plus, Fine lang ang experience ko, wala akong major issue sa transaction.",Neutral,2026-08-01
BSA,3,Payments,"Sobrang taas ng miscellaneous fees na hindi naman malinaw kung para saan. At saka, Confusing ang breakdown ng fees, parang may extra charge na hindi ko na-expect. Sana mapansin ito.",Negative,2026-08-17
BSA,2,Facilities,"Base sa experience ko, Gumagana naman ang mga equipment kahit medyo luma na. Kasabay nito, Functional pa rin ang mga computer sa lab kahit mabagal konti. Yun lang po.",Neutral,2026-08-05
BSIS,2,Staff,"Honestly, Nagpapasalamat ako sa tulong nila, naayos agad yung isyu ko sa records. That's it naman.",Positive,2026-08-15
BSIT,3,Staff,"Ang tagal ng pila, mahigit isang oras ako naghintay para lang sa simpleng request. At saka, Walang malinaw na proseso, iba-iba ang sinasabi ng bawat staff.",Negative,2026-08-13
BSIT,4,Faculty,"Napakadetalyado ng feedback sa mga output namin, malaking tulong para umimprove. Sana mapansin ito.",Positive,2026-08-09
BSIT,3,Faculty,"Base sa experience ko, Parang galit palagi kapag nagtatanong kami, nakakatakot lumapit. Dagdag pa rito, Nakaka-frustrate kasi hindi na-explain ng maayos bago pa kami binigyan ng exam. Sana mapansin ito.",Negative,2026-08-20
BSN,2,Payments,"Sobrang convenient ng bagong payment portal, hindi na kailangan pumila. Also, Maayos ang tracking ng balance ko, laging updated ang statement of account. Yun lang po.",Positive,2026-08-01
BSA,1,Staff,"Rude yung pagsagot sa akin kahit magalang naman ako magtanong. At saka, Nakakalungkot kasi kulang ang staff kaya matagal talaga ang serbisyo. Sana mapansin ito.",Negative,2026-08-13
BSBA,1,Staff,"Overall, Hindi ma-contact ang office, ilang beses akong tumawag walang sumasagot. That's it naman.",Negative,2026-08-18
BSBA,2,Payments,"Sa totoo lang, Gumagana naman ang portal kahit minsan medyo mabagal mag-load. Dagdag pa rito, Okay lang ang proseso, walang malaking hassle sa pagbabayad.",Neutral,2026-08-08
BSBA,1,Facilities,Matagal nang sira ang aircon pero wala pa ring inaayos.,Negative,2026-08-06
BSIT,1,Facilities,"Honestly, Okay lang naman ang mga pasilidad, wala namang malaking problema. Kasabay nito, Functional pa rin ang mga computer sa lab kahit mabagal konti.",Neutral,2026-08-19
BEED,4,Payments,"Nagawa naman ang bayad ko kahit medyo malabo yung instructions sa simula. Plus, Sapat naman ang info na nakalagay sa invoice, though pwede pa dagdagan ng detalye.",Neutral,2026-08-19
BSIS,1,Facilities,"Honestly, Maayos na ang signage sa buong campus, hindi na ako nalilito saan pupunta. At saka, Well-maintained ang mga equipment sa laboratory, gumagana lahat nang maayos. Yun lang po.",Positive,2026-08-06
BSA,2,Payments,"Salamat sa flexible payment terms, malaking tulong para sa amin na estudyante. Also, Madali lang mag-bayad online, ilang minuto lang tapos na agad ang transaction. Sana mapansin ito.",Positive,2026-08-09
BSN,4,Staff,"Honestly, Karaniwang klase ng service, hindi masama pero hindi rin sobrang astig. At saka, Standard lang ang service, walang masyadong extraordinary pero gumagana naman.",Neutral,2026-08-07
BSIS,3,Payments,"Manageable ang installment plan, kahit papaano nakakaabot naman ako. That's it naman.",Neutral,2026-08-01
BSCS,2,Facilities,"Maputik at madulas ang daanan tuwing umuulan, delikado talaga. Plus, Sobrang siksikan sa room, kulang ang upuan para sa lahat ng estudyante. That's it naman.",Negative,2026-08-03
BSCS,3,Facilities,"Sa totoo lang, Napansin kong mas maayos na ang aircon sa mga labs, hindi na sobrang init. Yun lang po.",Positive,2026-08-20
BSIS,4,Payments,"Overall, Walang senyales o notification kapag may urgent na balance, nagulat na lang ako.",Negative,2026-08-01
BSCS,3,Payments,"For me, Napakadali ma-access ang payment history online, malinaw lahat ng transaction. Kasabay nito, Madali lang mag-bayad online, ilang minuto lang tapos na agad ang transaction. Sana ma-continue.",Positive,2026-08-10
BSBA,3,Staff,"Sa totoo lang, Walang malinaw na proseso, iba-iba ang sinasabi ng bawat staff. At saka, Nawala yung documents ko, kailangan ko pang mag-resubmit ng lahat. Sana po maayos pa.",Negative,2026-08-02
BEED,4,Faculty,"Overall, Passable ang klase, may mga part lang na medyo mahirap sundan. Dagdag pa rito, Ok lang ang setup, minsan mabilis mag-move sa next topic pero survivable. Yun lang po.",Neutral,2026-08-01
BSIS,4,Staff,"Overall, Napakabilis at organized ng proseso, isang beses lang ako pumunta tapos na agad. Yun lang po.",Positive,2026-08-19
BSA,1,Facilities,"Base sa experience ko, Marumi ang mga CR, matagal nang hindi na-clean ayon sa nakikita ko. Maputik at madulas ang daanan tuwing umuulan, delikado talaga. Sana mapansin ito.",Negative,2026-08-18
BSBA,4,Faculty,"Grabe ang dami ng requirements na binigay overnight lang, sobrang stressful. Kasabay nito, Minsan late siya pumasok pero mahigpit sa amin kapag nahuli kami.",Negative,2026-08-19
BEED,1,Facilities,Gumagana naman ang mga equipment kahit medyo luma na. That's it naman.,Neutral,2026-08-04
BSN,4,Staff,"Sa totoo lang, Sobrang unorganized ng linya, nagulo lahat kasi walang numbering system. At saka, Walang malinaw na proseso, iba-iba ang sinasabi ng bawat staff. Yun lang po.",Negative,2026-08-09
BSCS,1,Staff,Solved agad nila yung concern ko kahit medyo complicated pa yun. Sana po maayos pa.,Positive,2026-08-17
BEED,2,Faculty,"Honestly, Proud ako maging student niya, malaki ang natutunan ko this semester. That's it naman.",Positive,2026-08-11
BSCS,4,Staff,"Honestly, Salamat sa staff na patient magpaliwanag ng steps para sa clearance ko. Plus, Nagpapasalamat ako sa tulong nila, naayos agad yung isyu ko sa records. Sana po maayos pa.",Positive,2026-08-05
BEED,3,Facilities,"Base sa experience ko, Sapat naman ang espasyo sa classroom kahit medyo crowded minsan. Sana po maayos pa.",Neutral,2026-08-17
BSIS,2,Faculty,"For me, Minsan late siya pumasok pero mahigpit sa amin kapag nahuli kami. Dagdag pa rito, Sobrang laganap ng typo sa slides, mukhang hindi pa na-proofread. Sana ma-continue.",Negative,2026-08-17
BSA,4,Payments,"Base sa experience ko, Confusing ang breakdown ng fees, parang may extra charge na hindi ko na-expect. Sana mapansin ito.",Negative,2026-08-21
BSCS,3,Staff,"Sa totoo lang, Napakabilis at organized ng proseso, isang beses lang ako pumunta tapos na agad. Kasabay nito, Salamat sa staff na patient magpaliwanag ng steps para sa clearance ko. That's it naman.",Positive,2026-08-17
BSBA,3,Facilities,"Sa totoo lang, Palaging discconnect ang wifi, nakakaabala sa mga submission namin. At saka, Matagal nang sira ang aircon pero wala pa ring inaayos.",Negative,2026-08-13
BSIT,3,Payments,"Honestly, Ilang araw bago ma-reflect ang bayad ko sa system, nag-alala ako baka mabansag late. At saka, Confusing ang breakdown ng fees, parang may extra charge na hindi ko na-expect. Yun lang po.",Negative,2026-08-17
BSIT,1,Facilities,"Salamat sa maayos na CRs, laging malinis kapag pumupunta ako. Dagdag pa rito, Ang linis at ayos ng library ngayon, sobrang conducive mag-aral.",Positive,2026-08-07
BSIS,1,Payments,"Base sa experience ko, Manageable ang installment plan, kahit papaano nakakaabot naman ako. Yun lang po.",Neutral,2026-08-14
BSIT,4,Faculty,"Honestly, Kahit strict, makikita mo naman na gusto niya kami matuto ng maayos. Sana po maayos pa.",Positive,2026-08-18
BEED,2,Faculty,"Base sa experience ko, Fine naman siya bilang teacher, gets ko naman ang mga tinuturo. Kasabay nito, Gets ko naman kahit papaano, though mas gusto ko sana may mas maraming halimbawa. Sana ma-continue.",Neutral,2026-08-16
BSN,2,Faculty,"Overall, Effective yung teaching style, gusto ko pumasok kahit umaga pa. At saka, Ang bilis niya sumagot sa messages namin, super approachable talaga.",Positive,2026-08-09
BSIS,3,Staff,"Naramdaman ko na sincere sila sa pagtulong, hindi lang basta trabaho lang para sa kanila. Dagdag pa rito, Nagpapasalamat ako sa tulong nila, naayos agad yung isyu ko sa records. Sana ma-continue.",Positive,2026-08-14
BSN,4,Faculty,"For me, Straightforward ang lectures, wala namang major issue. At saka, Nasusundan ko naman ang lesson kahit medyo mabilis minsan. Sana po maayos pa.",Neutral,2026-08-07
BSA,3,Staff,"Sa totoo lang, Ang tagal ng pila, mahigit isang oras ako naghintay para lang sa simpleng request. Kasabay nito, Ilang beses akong bumalik dahil hindi complete ang binigay nilang instructions.",Negative,2026-08-11
BEED,2,Payments,"Clear ang breakdown ng fees, walang hidden charges na nakakagulat. Kasabay nito, Madali lang mag-bayad online, ilang minuto lang tapos na agad ang transaction.",Positive,2026-08-09
BSCS,2,Facilities,"Sobrang comfortable ng bagong chairs sa classroom, hindi na masakit ang likod. Plus, Napansin kong mas maayos na ang aircon sa mga labs, hindi na sobrang init.",Positive,2026-08-07
BSIT,4,Faculty,"For me, Okay lang naman ang klase, standard lang, walang masyadong kakaiba. Also, Walang malaking reklamo, pero pwede pa ring paganahin nang konti ang klase. Sana mapansin ito.",Neutral,2026-08-20
BSBA,4,Faculty,"Hindi makasagot ng maayos sa mga tanong, parang hindi rin sure sa topic. That's it naman.",Negative,2026-08-18
BEED,4,Payments,"For me, Gumagana naman ang portal kahit minsan medyo mabagal mag-load. Sapat naman ang info na nakalagay sa invoice, though pwede pa dagdagan ng detalye. Yun lang po.",Neutral,2026-08-09
BSN,1,Faculty,"Sobrang helpful ng consultation hours, laging may time para sa amin. At saka, Salamat po sa pagiging maunawain, alam niya kung kailan kailangan ng extension. Yun lang po.",Positive,2026-08-07
BSIT,4,Facilities,"Honestly, Functional pa rin ang mga computer sa lab kahit mabagal konti. Dagdag pa rito, Manageable naman ang traffic sa hallway kahit peak hours.",Neutral,2026-08-08
BSIS,4,Faculty,"For me, Sufficient ang materials na ibinigay, though di gaanong interactive. Dagdag pa rito, Okay lang naman ang klase, standard lang, walang masyadong kakaiba. Yun lang po.",Neutral,2026-08-11
BSN,2,Staff,"Walang malinaw na proseso, iba-iba ang sinasabi ng bawat staff.",Negative,2026-08-06
BSN,4,Staff,"Nagawa ang kailangan ko kahit medyo kailangan kong balikan ng ilang beses. Also, Sapat naman ang tulong, though pwede pang paganahan ang follow-through. Sana ma-continue.",Neutral,2026-08-04
BSBA,4,Facilities,"Palaging discconnect ang wifi, nakakaabala sa mga submission namin. At saka, Marumi ang mga CR, matagal nang hindi na-clean ayon sa nakikita ko. That's it naman.",Negative,2026-08-02
BSA,3,Faculty,"Karaniwan lang ang delivery, hindi masyadong exciting pero informative naman. Dagdag pa rito, Manageable ang workload, though pwede pang dagdagan ng examples. Yun lang po.",Neutral,2026-08-16
BSN,1,Payments,"Maayos ang tracking ng balance ko, laging updated ang statement of account. Also, Napakabilis maprocess ang refund ko, hindi ko inaasahan na ganoon kabilis.",Positive,2026-08-08
BEED,3,Payments,"Base sa experience ko, Gumagana naman ang portal kahit minsan medyo mabagal mag-load. Plus, Okay lang ang proseso, walang malaking hassle sa pagbabayad.",Neutral,2026-08-05
BEED,4,Payments,"Standard lang ang fees, wala namang malaking pagbabago kumpara noon. Plus, Gumagana naman ang portal kahit minsan medyo mabagal mag-load. Sana mapansin ito.",Neutral,2026-08-05
BSCS,4,Facilities,"Overall, Ang linis at ayos ng library ngayon, sobrang conducive mag-aral. At saka, Napansin kong mas maayos na ang aircon sa mga labs, hindi na sobrang init. Sana po maayos pa.",Positive,2026-08-02
BSCS,3,Faculty,"Overall, Ok lang ang setup, minsan mabilis mag-move sa next topic pero survivable. Sana ma-continue.",Neutral,2026-08-16
BSIS,4,Payments,"Sa totoo lang, Okay lang ang proseso, walang malaking hassle sa pagbabayad. Sana ma-continue.",Neutral,2026-08-01
BEED,2,Faculty,"Gets ko naman kahit papaano, though mas gusto ko sana may mas maraming halimbawa. Also, Nasusundan ko naman ang lesson kahit medyo mabilis minsan.",Neutral,2026-08-21
BEED,3,Staff,"Base sa experience ko, Karaniwang klase ng service, hindi masama pero hindi rin sobrang astig. Nagawa naman yung request ko, konting hintay lang pero okay pa rin. Yun lang po.",Neutral,2026-08-03
BSIT,3,Faculty,"For me, Grabe, ang galing mag-explain, may mga real-life examples pa na madaling ma-relate. Ang saya ng klase dahil interactive at hindi puro lecture lang, may activities talaga. That's it naman.",Positive,2026-08-03
BSCS,4,Facilities,"Base sa experience ko, Marumi ang mga CR, matagal nang hindi na-clean ayon sa nakikita ko. Sira ang projector kaya hirap kaming makita ang mga slides. That's it naman.",Negative,2026-08-05
BSA,2,Faculty,"Ang bilis niya sumagot sa messages namin, super approachable talaga. At saka, Ang saya ng klase dahil interactive at hindi puro lecture lang, may activities talaga. Sana ma-continue.",Positive,2026-08-03
BSIT,2,Staff,"For me, Nakakalungkot kasi kulang ang staff kaya matagal talaga ang serbisyo. Also, Nawala yung documents ko, kailangan ko pang mag-resubmit ng lahat.",Negative,2026-08-21
BSBA,4,Payments,"Honestly, Okay lang ang proseso, walang malaking hassle sa pagbabayad. Dagdag pa rito, Gumagana naman ang portal kahit minsan medyo mabagal mag-load. Yun lang po.",Neutral,2026-08-18
BSIT,4,Facilities,"Overall, Sapat naman ang espasyo sa classroom kahit medyo crowded minsan. That's it naman.",Neutral,2026-08-13
BSIS,4,Faculty,"Honestly, Feeling ko sobrang favoritism, iba yung treatment sa ibang section.",Negative,2026-08-03
BEED,4,Facilities,"Sira ang projector kaya hirap kaming makita ang mga slides. Dagdag pa rito, Sobrang init sa loob ng room kasi sira ang aircon for weeks na. Yun lang po.",Negative,2026-08-06
BSIT,3,Staff,"Sa totoo lang, Standard lang ang service, walang masyadong extraordinary pero gumagana naman.",Neutral,2026-08-01
BSCS,4,Facilities,"Overall, Maayos na ang signage sa buong campus, hindi na ako nalilito saan pupunta. At saka, Maganda na ang wifi sa campus, hindi na nade-delay ang mga online activities namin.",Positive,2026-08-20
BSN,2,Staff,"Karaniwang klase ng service, hindi masama pero hindi rin sobrang astig. Also, Nagawa ang kailangan ko kahit medyo kailangan kong balikan ng ilang beses. Sana ma-continue.",Neutral,2026-08-18
BSIS,1,Facilities,"For me, Sobrang init sa loob ng room kasi sira ang aircon for weeks na.",Negative,2026-08-15
BSN,4,Faculty,"Kudos talaga, hindi boring ang lecture kahit tatlong oras. Yun lang po.",Positive,2026-08-09
BSIT,1,Payments,"Sobrang convenient ng bagong payment portal, hindi na kailangan pumila. Plus, Clear ang breakdown ng fees, walang hidden charges na nakakagulat. Yun lang po.",Positive,2026-08-18
BSCS,3,Facilities,"Honestly, Ang linis at ayos ng library ngayon, sobrang conducive mag-aral. Dagdag pa rito, Salamat sa maayos na CRs, laging malinis kapag pumupunta ako. That's it naman.",Positive,2026-08-04
BSN,4,Faculty,Minsan late siya pumasok pero mahigpit sa amin kapag nahuli kami.,Negative,2026-08-06
BSBA,1,Facilities,"Base sa experience ko, Sobrang comfortable ng bagong chairs sa classroom, hindi na masakit ang likod. Maganda na ang wifi sa campus, hindi na nade-delay ang mga online activities namin.",Positive,2026-08-04
BSN,4,Staff,"Maayos ang communication, may updates palagi kung ano na ang status ng request ko. At saka, Ang bait ng staff sa registrar, tinulungan ako agad sa concern ko.",Positive,2026-08-10
BSCS,4,Facilities,"Ang linis at ayos ng library ngayon, sobrang conducive mag-aral. At saka, Well-maintained ang mga equipment sa laboratory, gumagana lahat nang maayos. Sana ma-continue.",Positive,2026-08-17
BSA,2,Staff,"Sa totoo lang, Ang bait ng staff sa registrar, tinulungan ako agad sa concern ko. At saka, Napakabilis at organized ng proseso, isang beses lang ako pumunta tapos na agad. That's it naman.",Positive,2026-08-04
BSIS,1,Facilities,"Base sa experience ko, Sapat naman ang espasyo sa classroom kahit medyo crowded minsan. Also, Manageable naman ang traffic sa hallway kahit peak hours. Yun lang po.",Neutral,2026-08-06
BSIT,4,Faculty,"Sa totoo lang, Karaniwan lang ang delivery, hindi masyadong exciting pero informative naman. Plus, Nasusundan ko naman ang lesson kahit medyo mabilis minsan.",Neutral,2026-08-14
BSBA,1,Payments,"Overall, Sapat naman ang info na nakalagay sa invoice, though pwede pa dagdagan ng detalye. Also, Standard lang ang fees, wala namang malaking pagbabago kumpara noon. That's it naman.",Neutral,2026-08-06
BSN,4,Staff,"Honestly, Sinagot naman lahat ng katanungan ko kahit hindi masyadong detalyado. That's it naman.",Neutral,2026-08-04
BEED,1,Payments,"Base sa experience ko, Sobrang taas ng miscellaneous fees na hindi naman malinaw kung para saan. Kasabay nito, Confusing ang breakdown ng fees, parang may extra charge na hindi ko na-expect. Sana po maayos pa.",Negative,2026-08-05
BSIT,3,Staff,"Okay lang naman, ginawa naman nila trabaho nila kahit medyo tahimik. Sana po maayos pa.",Neutral,2026-08-19
BSBA,3,Facilities,"Base sa experience ko, Sobrang init sa loob ng room kasi sira ang aircon for weeks na.",Negative,2026-08-06
BSN,3,Faculty,"Straightforward ang lectures, wala namang major issue. Dagdag pa rito, Average lang, may improvement pero pwede pa i-improve ang engagement. Sana po maayos pa.",Neutral,2026-08-08
BSN,4,Faculty,"Overall, Sufficient ang materials na ibinigay, though di gaanong interactive. Sana ma-continue.",Neutral,2026-08-03
BSIS,3,Staff,"For me, Medyo mabagal ang proseso pero natapos naman sa huli. That's it naman.",Neutral,2026-08-15
BSN,1,Facilities,"Palaging discconnect ang wifi, nakakaabala sa mga submission namin. Kasabay nito, Sobrang init sa loob ng room kasi sira ang aircon for weeks na. Sana mapansin ito.",Negative,2026-08-13
BSBA,4,Facilities,"Sa totoo lang, Sira ang projector kaya hirap kaming makita ang mga slides. Also, Maputik at madulas ang daanan tuwing umuulan, delikado talaga. That's it naman.",Negative,2026-08-16
BSIT,2,Faculty,"Honestly, Walang malaking reklamo, pero pwede pa ring paganahin nang konti ang klase. Dagdag pa rito, Medyo puro lecture pero at least clear naman ang mga concepts. That's it naman.",Neutral,2026-08-11
BSIT,4,Payments,"Base sa experience ko, Standard lang ang fees, wala namang malaking pagbabago kumpara noon. Sapat naman ang info na nakalagay sa invoice, though pwede pa dagdagan ng detalye. Sana mapansin ito.",Neutral,2026-08-02
BSBA,4,Faculty,"Late palagi mag-post ng grades kaya hindi namin alam kung saan kami kulang. Dagdag pa rito, Nahihirapan akong sumunod sa lecture kasi sobrang bilis at walang recap. Sana po maayos pa.",Negative,2026-08-08
BSIT,1,Facilities,"Base sa experience ko, Sira ang projector kaya hirap kaming makita ang mga slides. Dagdag pa rito, Matagal nang sira ang aircon pero wala pa ring inaayos.",Negative,2026-08-05
BSBA,3,Facilities,"Honestly, Gumagana naman ang mga equipment kahit medyo luma na. Yun lang po.",Neutral,2026-08-16
BSA,2,Faculty,"For me, Average lang, may improvement pero pwede pa i-improve ang engagement. Okay lang naman ang klase, standard lang, walang masyadong kakaiba.",Neutral,2026-08-10
BEED,2,Facilities,"Base sa experience ko, Maganda na ang wifi sa campus, hindi na nade-delay ang mga online activities namin. Dagdag pa rito, Sobrang comfortable ng bagong chairs sa classroom, hindi na masakit ang likod. Sana po maayos pa.",Positive,2026-08-19
BSIS,1,Payments,"Sa totoo lang, Confusing ang breakdown ng fees, parang may extra charge na hindi ko na-expect. Plus, Nag-crash ang portal habang nagbabayad ako, hindi ko alam kung na-charge na ako o hindi. Sana po maayos pa.",Negative,2026-08-09
BEED,2,Payments,"Okay lang ang proseso, walang malaking hassle sa pagbabayad. That's it naman.",Neutral,2026-08-10
BSCS,3,Payments,"Ang bilis ng confirmation pagkatapos magbayad, walang problema sa receipt. Maayos ang tracking ng balance ko, laging updated ang statement of account. Sana po maayos pa.",Positive,2026-08-16
BSIT,4,Faculty,"Parang galit palagi kapag nagtatanong kami, nakakatakot lumapit. Wala akong natutunan sa buong semester, puro readings na wala namang discussion. Sana ma-continue.",Negative,2026-08-14
BSCS,1,Staff,"For me, Nagpapasalamat ako sa tulong nila, naayos agad yung isyu ko sa records. Sana po maayos pa.",Positive,2026-08-06
BSIS,1,Faculty,"For me, Karaniwan lang ang delivery, hindi masyadong exciting pero informative naman. Kasabay nito, Straightforward ang lectures, wala namang major issue.",Neutral,2026-08-21
BSCS,2,Faculty,"Honestly, Feeling ko mas naintindihan ko ang subject dahil sa paraan ng pagtuturo niya kumpara sa ibang prof. Grabe, ang galing mag-explain, may mga real-life examples pa na madaling ma-relate. Sana mapansin ito.",Positive,2026-08-21
BSCS,4,Payments,"Walang senyales o notification kapag may urgent na balance, nagulat na lang ako. Kasabay nito, Confusing ang breakdown ng fees, parang may extra charge na hindi ko na-expect.",Negative,2026-08-11
BEED,3,Faculty,"Sa totoo lang, Salamat po sa pagiging maunawain, alam niya kung kailan kailangan ng extension.",Positive,2026-08-01
BSIT,1,Faculty,"Average lang, may improvement pero pwede pa i-improve ang engagement. Dagdag pa rito, Medyo puro lecture pero at least clear naman ang mga concepts. Yun lang po.",Neutral,2026-08-02
BSBA,2,Faculty,"Straightforward ang lectures, wala namang major issue. Fine naman siya bilang teacher, gets ko naman ang mga tinuturo.",Neutral,2026-08-18
BSCS,1,Facilities,"Sa totoo lang, Manageable naman ang traffic sa hallway kahit peak hours. That's it naman.",Neutral,2026-08-07
BSIS,3,Staff,"Overall, Nagpapasalamat ako sa tulong nila, naayos agad yung isyu ko sa records. At saka, Napakabilis at organized ng proseso, isang beses lang ako pumunta tapos na agad. Yun lang po.",Positive,2026-08-21
BSN,3,Staff,"Base sa experience ko, Nawala yung documents ko, kailangan ko pang mag-resubmit ng lahat. Also, Sobrang bagal, parang walang urgency kahit alam nilang may deadline kami. Sana po maayos pa.",Negative,2026-08-16
BSN,4,Facilities,"Base sa experience ko, Sobrang init sa loob ng room kasi sira ang aircon for weeks na. Plus, Maputik at madulas ang daanan tuwing umuulan, delikado talaga.",Negative,2026-08-06
BSN,1,Facilities,Functional pa rin ang mga computer sa lab kahit mabagal konti. Sana mapansin ito.,Neutral,2026-08-04
BSIT,1,Payments,"Confusing ang breakdown ng fees, parang may extra charge na hindi ko na-expect. Kasabay nito, Walang senyales o notification kapag may urgent na balance, nagulat na lang ako. Sana ma-continue.",Negative,2026-08-07
BSCS,4,Payments,"Base sa experience ko, Standard lang ang fees, wala namang malaking pagbabago kumpara noon. Also, Manageable ang installment plan, kahit papaano nakakaabot naman ako. That's it naman.",Neutral,2026-08-09
BSCS,1,Staff,"For me, Naantala ang enrollment ko dahil sa mali nilang input sa system. Also, Ang tagal ng pila, mahigit isang oras ako naghintay para lang sa simpleng request.",Negative,2026-08-12
BSBA,4,Payments,"Confusing ang breakdown ng fees, parang may extra charge na hindi ko na-expect. Ilang araw bago ma-reflect ang bayad ko sa system, nag-alala ako baka mabansag late. Yun lang po.",Negative,2026-08-08
BSA,1,Staff,"Honestly, Sapat naman ang tulong, though pwede pang paganahan ang follow-through. At saka, Sinagot naman lahat ng katanungan ko kahit hindi masyadong detalyado. Sana po maayos pa.",Neutral,2026-08-09
BSA,4,Faculty,"For me, Fine naman siya bilang teacher, gets ko naman ang mga tinuturo. Kasabay nito, Manageable ang workload, though pwede pang dagdagan ng examples. Sana mapansin ito.",Neutral,2026-08-09
BSA,4,Payments,"Base sa experience ko, Manageable ang installment plan, kahit papaano nakakaabot naman ako. At saka, Gumagana naman ang portal kahit minsan medyo mabagal mag-load. Sana mapansin ito.",Neutral,2026-08-07
BSCS,1,Payments,"Sa totoo lang, Napakadali ma-access ang payment history online, malinaw lahat ng transaction. Sana po maayos pa.",Positive,2026-08-13
BEED,1,Staff,"Sobrang bagal, parang walang urgency kahit alam nilang may deadline kami. Dagdag pa rito, Nawala yung documents ko, kailangan ko pang mag-resubmit ng lahat.",Negative,2026-08-01
BSN,4,Faculty,"Proud ako maging student niya, malaki ang natutunan ko this semester. Napakadetalyado ng feedback sa mga output namin, malaking tulong para umimprove.",Positive,2026-08-18
BSA,1,Faculty,"Honestly, Grabe ang dami ng requirements na binigay overnight lang, sobrang stressful. Yun lang po.",Negative,2026-08-04
BSN,2,Payments,"Okay lang ang proseso, walang malaking hassle sa pagbabayad. Standard lang ang fees, wala namang malaking pagbabago kumpara noon. That's it naman.",Neutral,2026-08-21
BSBA,2,Payments,"Base sa experience ko, Manageable ang installment plan, kahit papaano nakakaabot naman ako. Nagawa naman ang bayad ko kahit medyo malabo yung instructions sa simula.",Neutral,2026-08-16
BSA,2,Staff,"Sa totoo lang, Naantala ang enrollment ko dahil sa mali nilang input sa system. Dagdag pa rito, Parang naiirita sila kapag nagtatanong kami, minsan makasakit ng loob ang sagot.",Negative,2026-08-11
BSN,4,Faculty,"Ang linaw ng instructions niya, walang naguguluhan sa requirements. Also, Feeling ko mas naintindihan ko ang subject dahil sa paraan ng pagtuturo niya kumpara sa ibang prof.",Positive,2026-08-03
BSN,4,Staff,"Honestly, Nagawa ang kailangan ko kahit medyo kailangan kong balikan ng ilang beses.",Neutral,2026-08-16
BSIS,3,Faculty,"Fine naman siya bilang teacher, gets ko naman ang mga tinuturo. Yun lang po.",Neutral,2026-08-04
BSIT,2,Facilities,"For me, Functional pa rin ang mga computer sa lab kahit mabagal konti.",Neutral,2026-08-03
BSA,2,Faculty,"Honestly, Grasya na lang ang klase kasi laging may recap bago pumunta sa bagong topic. Sana mapansin ito.",Positive,2026-08-16
BEED,3,Payments,"Overall, Clear ang breakdown ng fees, walang hidden charges na nakakagulat. Sana mapansin ito.",Positive,2026-08-18
BSBA,4,Faculty,"Medyo puro lecture pero at least clear naman ang mga concepts. Plus, Sufficient ang materials na ibinigay, though di gaanong interactive. Sana po maayos pa.",Neutral,2026-08-13
BSN,2,Payments,"Overall, Sobrang taas ng miscellaneous fees na hindi naman malinaw kung para saan. Dagdag pa rito, Hindi pantay ang na-post na balance ko sa totoong binayaran ko. Sana mapansin ito.",Negative,2026-08-11
BSCS,3,Faculty,"Sa totoo lang, Straightforward ang lectures, wala namang major issue. That's it naman.",Neutral,2026-08-21
BSIS,2,Staff,"Walang malinaw na proseso, iba-iba ang sinasabi ng bawat staff. Plus, Nakakalungkot kasi kulang ang staff kaya matagal talaga ang serbisyo. Sana po maayos pa.",Negative,2026-08-11
BSCS,4,Staff,"Okay lang naman, ginawa naman nila trabaho nila kahit medyo tahimik. Also, Nagawa ang kailangan ko kahit medyo kailangan kong balikan ng ilang beses.",Neutral,2026-08-15
BSCS,2,Staff,"For me, Sobrang bagal, parang walang urgency kahit alam nilang may deadline kami. Sana ma-continue.",Negative,2026-08-16
BSCS,4,Payments,"Sa totoo lang, Sobrang taas ng miscellaneous fees na hindi naman malinaw kung para saan. That's it naman.",Negative,2026-08-02
BEED,1,Faculty,"Overall, Palaging cancelled ang klase pero hindi namin alam kung ano ang gagawin instead. Kasabay nito, Nakaka-frustrate kasi hindi na-explain ng maayos bago pa kami binigyan ng exam.",Negative,2026-08-15
BSN,4,Faculty,"For me, Patient siya sa mga tanong namin kahit paulit-ulit, sobrang bait niya explain ng explain. Kasabay nito, Ang linaw ng instructions niya, walang naguguluhan sa requirements. That's it naman.",Positive,2026-08-09
BEED,4,Facilities,"Sa totoo lang, Sobrang siksikan sa room, kulang ang upuan para sa lahat ng estudyante. Sana po maayos pa.",Negative,2026-08-09
BSBA,3,Payments,"Madali lang mag-bayad online, ilang minuto lang tapos na agad ang transaction. Kasabay nito, Sobrang convenient ng bagong payment portal, hindi na kailangan pumila. Sana ma-continue.",Positive,2026-08-21
BSN,3,Staff,"Honestly, Very accommodating sila kahit maraming tao, hindi sila nagmamadali sa amin. Also, Approachable sila lalo na yung nasa front desk, madali lang lapitan. That's it naman.",Positive,2026-08-18
BEED,4,Payments,"Sa totoo lang, Clear ang breakdown ng fees, walang hidden charges na nakakagulat. Also, Napakadali ma-access ang payment history online, malinaw lahat ng transaction. Sana ma-continue.",Positive,2026-08-13
BSA,2,Payments,"Honestly, Walang senyales o notification kapag may urgent na balance, nagulat na lang ako. Also, Nag-crash ang portal habang nagbabayad ako, hindi ko alam kung na-charge na ako o hindi. Yun lang po.",Negative,2026-08-18
BSCS,1,Payments,"Base sa experience ko, Sobrang convenient ng bagong payment portal, hindi na kailangan pumila. Dagdag pa rito, Clear ang breakdown ng fees, walang hidden charges na nakakagulat. Sana po maayos pa.",Positive,2026-08-16
BSCS,2,Facilities,"Overall, Sobrang siksikan sa room, kulang ang upuan para sa lahat ng estudyante. Palaging discconnect ang wifi, nakakaabala sa mga submission namin.",Negative,2026-08-19
BSCS,2,Facilities,"Manageable naman ang traffic sa hallway kahit peak hours. At saka, Gumagana naman ang mga equipment kahit medyo luma na. Sana po maayos pa.",Neutral,2026-08-21
BSBA,3,Staff,"Base sa experience ko, Karaniwang klase ng service, hindi masama pero hindi rin sobrang astig. Dagdag pa rito, Nagawa ang kailangan ko kahit medyo kailangan kong balikan ng ilang beses. Sana po maayos pa.",Neutral,2026-08-01
BSIT,3,Staff,"Sa totoo lang, Medyo mabagal ang proseso pero natapos naman sa huli. Standard lang ang service, walang masyadong extraordinary pero gumagana naman. Sana mapansin ito.",Neutral,2026-08-03
BEED,3,Faculty,Nahihirapan akong sumunod sa lecture kasi sobrang bilis at walang recap. Sana po maayos pa.,Negative,2026-08-18
BEED,4,Faculty,"For me, Minsan late siya pumasok pero mahigpit sa amin kapag nahuli kami. Nakaka-frustrate kasi hindi na-explain ng maayos bago pa kami binigyan ng exam. Sana ma-continue.",Negative,2026-08-18
BSN,3,Faculty,"Walang malaking reklamo, pero pwede pa ring paganahin nang konti ang klase. Plus, Average lang, may improvement pero pwede pa i-improve ang engagement. Sana po maayos pa.",Neutral,2026-08-07
BEED,3,Staff,"Sa totoo lang, Friendly talaga sila kausap, hindi ka mararamdamang burden kahit maraming tanong.",Positive,2026-08-15
BEED,2,Payments,"Nagawa naman ang bayad ko kahit medyo malabo yung instructions sa simula. Also, Gumagana naman ang portal kahit minsan medyo mabagal mag-load. That's it naman.",Neutral,2026-08-19
BSA,4,Payments,"For me, Hindi pantay ang na-post na balance ko sa totoong binayaran ko. Dagdag pa rito, Nahirapan akong makipag-ayos sa refund ko, sobrang tagal ng proseso. Sana ma-continue.",Negative,2026-08-16
BSCS,2,Faculty,"Base sa experience ko, Wala akong natutunan sa buong semester, puro readings na wala namang discussion. Kasabay nito, Minsan late siya pumasok pero mahigpit sa amin kapag nahuli kami.",Negative,2026-08-15
BSCS,2,Faculty,"Honestly, Hindi makasagot ng maayos sa mga tanong, parang hindi rin sure sa topic. Plus, Minsan late siya pumasok pero mahigpit sa amin kapag nahuli kami. Sana ma-continue.",Negative,2026-08-12
BSN,1,Staff,"Base sa experience ko, Walang malinaw na proseso, iba-iba ang sinasabi ng bawat staff. Yun lang po.",Negative,2026-08-02
BEED,4,Faculty,"Honestly, Nagustuhan ko yung ginawa niyang group projects, naging mas fun ang pag-aaral. Kasabay nito, Patient siya sa mga tanong namin kahit paulit-ulit, sobrang bait niya explain ng explain. Sana ma-continue.",Positive,2026-08-20
BSIS,1,Facilities,"Sa totoo lang, Ang ganda ng bagong study hub, sulit gamitin lalo na tuwing exam week.",Positive,2026-08-02
BSIS,3,Faculty,"Base sa experience ko, Sobrang helpful ng consultation hours, laging may time para sa amin. Dagdag pa rito, Feeling ko mas naintindihan ko ang subject dahil sa paraan ng pagtuturo niya kumpara sa ibang prof. Sana po maayos pa.",Positive,2026-08-19
BEED,4,Staff,"Hindi ma-contact ang office, ilang beses akong tumawag walang sumasagot. Plus, Naantala ang enrollment ko dahil sa mali nilang input sa system. Sana mapansin ito.",Negative,2026-08-11
BSIT,2,Payments,"Overall, Standard lang ang fees, wala namang malaking pagbabago kumpara noon. Okay lang ang proseso, walang malaking hassle sa pagbabayad. Sana mapansin ito.",Neutral,2026-08-14
BSA,2,Facilities,"Base sa experience ko, Sobrang init sa loob ng room kasi sira ang aircon for weeks na. Dagdag pa rito, Sira ang projector kaya hirap kaming makita ang mga slides.",Negative,2026-08-07
BSBA,2,Payments,"Sa totoo lang, Walang senyales o notification kapag may urgent na balance, nagulat na lang ako. Hindi pantay ang na-post na balance ko sa totoong binayaran ko. That's it naman.",Negative,2026-08-03
BSN,3,Facilities,"Ang ganda ng bagong study hub, sulit gamitin lalo na tuwing exam week. Plus, Maganda na ang wifi sa campus, hindi na nade-delay ang mga online activities namin. That's it naman.",Positive,2026-08-01
BSIT,1,Facilities,"For me, Maganda na ang wifi sa campus, hindi na nade-delay ang mga online activities namin.",Positive,2026-08-19
BSA,2,Staff,"Honestly, Karaniwang klase ng service, hindi masama pero hindi rin sobrang astig. Dagdag pa rito, Nagawa naman yung request ko, konting hintay lang pero okay pa rin.",Neutral,2026-08-11
BSA,1,Facilities,"Sapat naman ang espasyo sa classroom kahit medyo crowded minsan. At saka, Functional pa rin ang mga computer sa lab kahit mabagal konti. Sana ma-continue.",Neutral,2026-08-08
BSIS,2,Facilities,"Sa totoo lang, Sobrang init sa loob ng room kasi sira ang aircon for weeks na. Kasabay nito, Sobrang siksikan sa room, kulang ang upuan para sa lahat ng estudyante.",Negative,2026-08-16
BSN,1,Facilities,"Overall, Ang linis at ayos ng library ngayon, sobrang conducive mag-aral. Sana po maayos pa.",Positive,2026-08-16
BSIS,4,Staff,"Base sa experience ko, Rude yung pagsagot sa akin kahit magalang naman ako magtanong. Ang tagal ng pila, mahigit isang oras ako naghintay para lang sa simpleng request.",Negative,2026-08-11
BEED,1,Facilities,"Well-maintained ang mga equipment sa laboratory, gumagana lahat nang maayos. Yun lang po.",Positive,2026-08-16
BSBA,1,Staff,"Okay lang naman, ginawa naman nila trabaho nila kahit medyo tahimik. That's it naman.",Neutral,2026-08-17
BSCS,4,Faculty,"For me, Nahihirapan akong sumunod sa lecture kasi sobrang bilis at walang recap.",Negative,2026-08-15
BSBA,4,Faculty,"Nakakatuwa kasi may humor pa sa gitna ng mahirap na lesson, hindi nakakaantok. Buong klase, sobrang engaged lahat kasi may mga case studies na kawili-wili. That's it naman.",Positive,2026-08-15
BSA,1,Payments,"Base sa experience ko, Hindi pantay ang na-post na balance ko sa totoong binayaran ko. Also, Ilang araw bago ma-reflect ang bayad ko sa system, nag-alala ako baka mabansag late.",Negative,2026-08-16
BSIS,4,Staff,"Solved agad nila yung concern ko kahit medyo complicated pa yun. Also, Nagpapasalamat ako sa tulong nila, naayos agad yung isyu ko sa records.",Positive,2026-08-17
BSN,3,Payments,"Overall, Napakabilis maprocess ang refund ko, hindi ko inaasahan na ganoon kabilis.",Positive,2026-08-21
BSIT,2,Payments,"Honestly, Hindi pantay ang na-post na balance ko sa totoong binayaran ko. Kasabay nito, Ilang araw bago ma-reflect ang bayad ko sa system, nag-alala ako baka mabansag late. Sana po maayos pa.",Negative,2026-08-09
BSN,4,Payments,"Sa totoo lang, Manageable ang installment plan, kahit papaano nakakaabot naman ako. At saka, Standard lang ang fees, wala namang malaking pagbabago kumpara noon. Sana ma-continue.",Neutral,2026-08-12
BSN,2,Staff,"Ang galing ng customer service, sinagot lahat ng tanong ko nang maayos. Kasabay nito, Very accommodating sila kahit maraming tao, hindi sila nagmamadali sa amin.",Positive,2026-08-01
BSBA,2,Payments,"Napakabilis maprocess ang refund ko, hindi ko inaasahan na ganoon kabilis. Kasabay nito, Napakadali ma-access ang payment history online, malinaw lahat ng transaction. That's it naman.",Positive,2026-08-21
BSIS,2,Facilities,"Base sa experience ko, Standard lang ang kondisyon ng canteen, walang masyadong reklamo. Dagdag pa rito, Gumagana naman ang mga equipment kahit medyo luma na. Sana mapansin ito.",Neutral,2026-08-19
BSN,1,Staff,"Honestly, Friendly talaga sila kausap, hindi ka mararamdamang burden kahit maraming tanong. Kasabay nito, Naramdaman ko na sincere sila sa pagtulong, hindi lang basta trabaho lang para sa kanila. Sana po maayos pa.",Positive,2026-08-04
BSIT,1,Faculty,"For me, Ang saya ng klase dahil interactive at hindi puro lecture lang, may activities talaga. Yun lang po.",Positive,2026-08-18
BSA,2,Payments,"Clear ang breakdown ng fees, walang hidden charges na nakakagulat. Kasabay nito, Sobrang convenient ng bagong payment portal, hindi na kailangan pumila. Yun lang po.",Positive,2026-08-04
BSA,3,Facilities,"Okay lang naman ang mga pasilidad, wala namang malaking problema. At saka, Manageable naman ang traffic sa hallway kahit peak hours. Sana mapansin ito.",Neutral,2026-08-03
BEED,1,Payments,"For me, Napakadali ma-access ang payment history online, malinaw lahat ng transaction. Kasabay nito, Ang bilis ng confirmation pagkatapos magbayad, walang problema sa receipt. Sana ma-continue.",Positive,2026-08-06
BSN,3,Faculty,"Nagustuhan ko yung ginawa niyang group projects, naging mas fun ang pag-aaral. Plus, Talaga pong natutuwa ako sa paraan ng pagtuturo ni Sir—kahit mahirap ang topic, naiintindihan ko agad. Sana mapansin ito.",Positive,2026-08-04
BSBA,1,Staff,"For me, Standard lang ang service, walang masyadong extraordinary pero gumagana naman. That's it naman.",Neutral,2026-08-20
BSA,4,Facilities,"Okay lang naman ang mga pasilidad, wala namang malaking problema. Yun lang po.",Neutral,2026-08-18
BEED,4,Payments,"Overall, Hindi pantay ang na-post na balance ko sa totoong binayaran ko. Kasabay nito, Sobrang taas ng miscellaneous fees na hindi naman malinaw kung para saan. Sana ma-continue.",Negative,2026-08-03
BSA,3,Faculty,Medyo puro lecture pero at least clear naman ang mga concepts. Sana mapansin ito.,Neutral,2026-08-10
BSN,1,Payments,"Base sa experience ko, Madali lang mag-bayad online, ilang minuto lang tapos na agad ang transaction. Plus, Napakadali ma-access ang payment history online, malinaw lahat ng transaction.",Positive,2026-08-06
BEED,4,Facilities,"Honestly, Functional pa rin ang mga computer sa lab kahit mabagal konti. Standard lang ang kondisyon ng canteen, walang masyadong reklamo. Sana mapansin ito.",Neutral,2026-08-05
BSN,4,Payments,"Sa totoo lang, Nagawa naman ang bayad ko kahit medyo malabo yung instructions sa simula. That's it naman.",Neutral,2026-08-10
BSN,3,Staff,"Ang bait ng staff sa registrar, tinulungan ako agad sa concern ko. Also, Friendly talaga sila kausap, hindi ka mararamdamang burden kahit maraming tanong.",Positive,2026-08-10
BSN,1,Facilities,"Honestly, Salamat sa maayos na CRs, laging malinis kapag pumupunta ako. Kasabay nito, Sobrang comfortable ng bagong chairs sa classroom, hindi na masakit ang likod. Sana mapansin ito.",Positive,2026-08-14
BSA,2,Facilities,"Base sa experience ko, Maayos na ang signage sa buong campus, hindi na ako nalilito saan pupunta. Dagdag pa rito, Napansin kong mas maayos na ang aircon sa mga labs, hindi na sobrang init. That's it naman.",Positive,2026-08-11
BSIS,4,Facilities,"Honestly, Maputik at madulas ang daanan tuwing umuulan, delikado talaga. At saka, Sobrang init sa loob ng room kasi sira ang aircon for weeks na. Yun lang po.",Negative,2026-08-16
BSIS,4,Faculty,"Overall, Effective yung teaching style, gusto ko pumasok kahit umaga pa. That's it naman.",Positive,2026-08-10
BSA,1,Faculty,"Base sa experience ko, Nakakatuwa kasi may humor pa sa gitna ng mahirap na lesson, hindi nakakaantok. At saka, Grabe, ang galing mag-explain, may mga real-life examples pa na madaling ma-relate.",Positive,2026-08-20
BSIS,2,Payments,"Overall, Sobrang taas ng miscellaneous fees na hindi naman malinaw kung para saan.",Negative,2026-08-20
BSBA,4,Facilities,"Base sa experience ko, Marumi ang mga CR, matagal nang hindi na-clean ayon sa nakikita ko.",Negative,2026-08-03
BSN,1,Staff,"Sa totoo lang, Medyo mabagal ang proseso pero natapos naman sa huli. Also, Nagawa naman yung request ko, konting hintay lang pero okay pa rin. That's it naman.",Neutral,2026-08-01
BEED,1,Faculty,"Honestly, Hirap kausapin, parang ayaw talaga sumagot sa concerns namin. Grading criteria hindi malinaw, iba-iba ang score kahit parehas lang ang sagot. Sana ma-continue.",Negative,2026-08-15
BSCS,1,Facilities,"Overall, Maayos na ang signage sa buong campus, hindi na ako nalilito saan pupunta. Kasabay nito, Ang ganda ng bagong study hub, sulit gamitin lalo na tuwing exam week. Yun lang po.",Positive,2026-08-05
BSN,3,Faculty,"Honestly, Sobrang laganap ng typo sa slides, mukhang hindi pa na-proofread. Plus, Hindi makasagot ng maayos sa mga tanong, parang hindi rin sure sa topic.",Negative,2026-08-10
BSA,3,Payments,"Overall, Ang bilis ng confirmation pagkatapos magbayad, walang problema sa receipt. Also, Napakabilis maprocess ang refund ko, hindi ko inaasahan na ganoon kabilis. That's it naman.",Positive,2026-08-09
BSIS,4,Facilities,"Honestly, Sapat naman ang espasyo sa classroom kahit medyo crowded minsan. Dagdag pa rito, Functional pa rin ang mga computer sa lab kahit mabagal konti.",Neutral,2026-08-20
BSN,3,Faculty,"Base sa experience ko, Buong klase, sobrang engaged lahat kasi may mga case studies na kawili-wili. Kasabay nito, Feeling ko mas naintindihan ko ang subject dahil sa paraan ng pagtuturo niya kumpara sa ibang prof. Yun lang po.",Positive,2026-08-17
BSIT,1,Payments,"Nahirapan akong makipag-ayos sa refund ko, sobrang tagal ng proseso. Dagdag pa rito, Confusing ang breakdown ng fees, parang may extra charge na hindi ko na-expect. That's it naman.",Negative,2026-08-04
BEED,1,Staff,"For me, Napakabilis at organized ng proseso, isang beses lang ako pumunta tapos na agad. Also, Naramdaman ko na sincere sila sa pagtulong, hindi lang basta trabaho lang para sa kanila.",Positive,2026-08-10
BSN,3,Facilities,"Base sa experience ko, Standard lang ang kondisyon ng canteen, walang masyadong reklamo. Kasabay nito, Sapat naman ang espasyo sa classroom kahit medyo crowded minsan.",Neutral,2026-08-21
BSIS,2,Staff,"Honestly, Approachable sila lalo na yung nasa front desk, madali lang lapitan. Dagdag pa rito, Ang bait ng staff sa registrar, tinulungan ako agad sa concern ko.",Positive,2026-08-14
BSA,2,Payments,"Sa totoo lang, Sobrang convenient ng bagong payment portal, hindi na kailangan pumila. Dagdag pa rito, Salamat sa flexible payment terms, malaking tulong para sa amin na estudyante.",Positive,2026-08-14
BSN,2,Staff,"Overall, Napakabilis at organized ng proseso, isang beses lang ako pumunta tapos na agad. Very accommodating sila kahit maraming tao, hindi sila nagmamadali sa amin.",Positive,2026-08-08
BSBA,1,Faculty,"For me, Kahit strict, makikita mo naman na gusto niya kami matuto ng maayos. Kasabay nito, Ang bilis niya sumagot sa messages namin, super approachable talaga. Sana po maayos pa.",Positive,2026-08-08
BSBA,1,Faculty,"Overall, Walang malaking reklamo, pero pwede pa ring paganahin nang konti ang klase. Dagdag pa rito, Passable ang klase, may mga part lang na medyo mahirap sundan.",Neutral,2026-08-12
BSIT,3,Staff,"Sa totoo lang, Medyo mabagal ang proseso pero natapos naman sa huli.",Neutral,2026-08-03
BSA,2,Faculty,"Overall, Average lang, may improvement pero pwede pa i-improve ang engagement.",Neutral,2026-08-01
BSCS,4,Staff,"Overall, Nakakalungkot kasi kulang ang staff kaya matagal talaga ang serbisyo. Also, Walang malinaw na proseso, iba-iba ang sinasabi ng bawat staff. That's it naman.",Negative,2026-08-05
BSN,2,Faculty,"Honestly, Grabe, ang galing mag-explain, may mga real-life examples pa na madaling ma-relate. Yun lang po.",Positive,2026-08-10
BSIS,2,Staff,"For me, Very accommodating sila kahit maraming tao, hindi sila nagmamadali sa amin. At saka, Maayos ang communication, may updates palagi kung ano na ang status ng request ko.",Positive,2026-08-15
BEED,4,Staff,"Sa totoo lang, Nagawa naman yung request ko, konting hintay lang pero okay pa rin. Dagdag pa rito, Okay lang naman, ginawa naman nila trabaho nila kahit medyo tahimik. Sana po maayos pa.",Neutral,2026-08-20
BSN,1,Faculty,"Base sa experience ko, Passable ang klase, may mga part lang na medyo mahirap sundan. At saka, Walang malaking reklamo, pero pwede pa ring paganahin nang konti ang klase.",Neutral,2026-08-03
BSCS,3,Faculty,"Sobrang harsh ng comments sa papers namin, hindi constructive. Plus, Sobrang laganap ng typo sa slides, mukhang hindi pa na-proofread. Sana mapansin ito.",Negative,2026-08-12
BSN,3,Facilities,"Kulang ang ilaw sa hallway kaya madilim tuwing gabi may klase pa. At saka, Sobrang siksikan sa room, kulang ang upuan para sa lahat ng estudyante.",Negative,2026-08-07
BSCS,3,Staff,"Sa totoo lang, Solved agad nila yung concern ko kahit medyo complicated pa yun. Also, Approachable sila lalo na yung nasa front desk, madali lang lapitan. Sana mapansin ito.",Positive,2026-08-09
BSIS,2,Staff,"Medyo mabagal ang proseso pero natapos naman sa huli. At saka, Karaniwang klase ng service, hindi masama pero hindi rin sobrang astig. Sana po maayos pa.",Neutral,2026-08-07
BSCS,4,Faculty,"Talaga pong natutuwa ako sa paraan ng pagtuturo ni Sir—kahit mahirap ang topic, naiintindihan ko agad.",Positive,2026-08-10
BSCS,4,Facilities,"For me, Kulang ang ilaw sa hallway kaya madilim tuwing gabi may klase pa. Also, Sobrang init sa loob ng room kasi sira ang aircon for weeks na. Yun lang po.",Negative,2026-08-03
BSIS,1,Faculty,"Honestly, Sobrang helpful ng consultation hours, laging may time para sa amin. At saka, Talaga pong natutuwa ako sa paraan ng pagtuturo ni Sir—kahit mahirap ang topic, naiintindihan ko agad. That's it naman.",Positive,2026-08-18
BSN,1,Faculty,"Overall, Nakakalito ang instructions, iba-iba ang sinasabi kada session. Also, Parang galit palagi kapag nagtatanong kami, nakakatakot lumapit. Sana po maayos pa.",Negative,2026-08-05
BSN,3,Payments,"Sa totoo lang, Walang senyales o notification kapag may urgent na balance, nagulat na lang ako. Sana ma-continue.",Negative,2026-08-21
BSN,4,Faculty,"Honestly, Karaniwan lang ang delivery, hindi masyadong exciting pero informative naman. Sana po maayos pa.",Neutral,2026-08-12
BSN,2,Payments,"Honestly, Standard lang ang fees, wala namang malaking pagbabago kumpara noon. Sana mapansin ito.",Neutral,2026-08-07
BSBA,1,Faculty,"Sa totoo lang, Consistent naman sa schedule pero konti lang ang interaction sa class. At saka, Medyo puro lecture pero at least clear naman ang mga concepts. Yun lang po.",Neutral,2026-08-04
BSCS,2,Faculty,"For me, Effective yung teaching style, gusto ko pumasok kahit umaga pa. Plus, Talaga pong natutuwa ako sa paraan ng pagtuturo ni Sir—kahit mahirap ang topic, naiintindihan ko agad. Sana po maayos pa.",Positive,2026-08-07
BSA,1,Staff,"Naantala ang enrollment ko dahil sa mali nilang input sa system. Dagdag pa rito, Sobrang unorganized ng linya, nagulo lahat kasi walang numbering system. Sana ma-continue.",Negative,2026-08-17
BSIT,4,Payments,"Base sa experience ko, Nagawa naman ang bayad ko kahit medyo malabo yung instructions sa simula. Dagdag pa rito, Manageable ang installment plan, kahit papaano nakakaabot naman ako.",Neutral,2026-08-14
BSA,2,Facilities,"Base sa experience ko, Sobrang init sa loob ng room kasi sira ang aircon for weeks na. Sobrang siksikan sa room, kulang ang upuan para sa lahat ng estudyante. Sana mapansin ito.",Negative,2026-08-16
BSN,3,Facilities,"Ang ganda ng bagong study hub, sulit gamitin lalo na tuwing exam week. Sana ma-continue.",Positive,2026-08-14
BSA,1,Facilities,"Standard lang ang kondisyon ng canteen, walang masyadong reklamo. Yun lang po.",Neutral,2026-08-03
BEED,1,Staff,"For me, Very accommodating sila kahit maraming tao, hindi sila nagmamadali sa amin. Sana po maayos pa.",Positive,2026-08-02
BSBA,2,Faculty,"Base sa experience ko, Sobrang laganap ng typo sa slides, mukhang hindi pa na-proofread. Nakakalito ang instructions, iba-iba ang sinasabi kada session. Sana ma-continue.",Negative,2026-08-19
BSCS,2,Facilities,"Honestly, Salamat sa maayos na CRs, laging malinis kapag pumupunta ako. Maganda na ang wifi sa campus, hindi na nade-delay ang mga online activities namin. Sana ma-continue.",Positive,2026-08-15
BEED,2,Facilities,"Sobrang init sa loob ng room kasi sira ang aircon for weeks na. Dagdag pa rito, Matagal nang sira ang aircon pero wala pa ring inaayos. Sana po maayos pa.",Negative,2026-08-18
BSIT,1,Staff,"Overall, Sobrang bilis ng pag-proseso ng request ko, hindi na ako naghintay ng matagal. Also, Approachable sila lalo na yung nasa front desk, madali lang lapitan. Sana po maayos pa.",Positive,2026-08-01
BEED,2,Faculty,"Sa totoo lang, Hirap kausapin, parang ayaw talaga sumagot sa concerns namin. Yun lang po.",Negative,2026-08-12
BSBA,3,Faculty,"Sa totoo lang, Fine naman siya bilang teacher, gets ko naman ang mga tinuturo. Also, Passable ang klase, may mga part lang na medyo mahirap sundan. Yun lang po.",Neutral,2026-08-05
BSBA,4,Facilities,"Sa totoo lang, Standard lang ang kondisyon ng canteen, walang masyadong reklamo. That's it naman.",Neutral,2026-08-14
BSCS,3,Facilities,"For me, Sobrang comfortable ng bagong chairs sa classroom, hindi na masakit ang likod. Kasabay nito, Maganda na ang wifi sa campus, hindi na nade-delay ang mga online activities namin. Sana ma-continue.",Positive,2026-08-09
BSCS,3,Facilities,"Well-maintained ang mga equipment sa laboratory, gumagana lahat nang maayos. Plus, Maayos na ang signage sa buong campus, hindi na ako nalilito saan pupunta. Sana ma-continue.",Positive,2026-08-21
BEED,3,Facilities,"Kulang ang ilaw sa hallway kaya madilim tuwing gabi may klase pa. Dagdag pa rito, Sira ang projector kaya hirap kaming makita ang mga slides. Sana ma-continue.",Negative,2026-08-03
BSN,3,Staff,"Overall, Sobrang bagal, parang walang urgency kahit alam nilang may deadline kami.",Negative,2026-08-16
BEED,2,Payments,"Salamat sa flexible payment terms, malaking tulong para sa amin na estudyante. Also, Clear ang breakdown ng fees, walang hidden charges na nakakagulat. Sana ma-continue.",Positive,2026-08-01
BSIS,1,Faculty,"Ang saya ng klase dahil interactive at hindi puro lecture lang, may activities talaga. Dagdag pa rito, Kahit strict, makikita mo naman na gusto niya kami matuto ng maayos. Yun lang po.",Positive,2026-08-18
BSIT,4,Payments,Sobrang taas ng miscellaneous fees na hindi naman malinaw kung para saan. Sana ma-continue.,Negative,2026-08-04
BSBA,4,Facilities,"Overall, Matagal nang sira ang aircon pero wala pa ring inaayos. Also, Maputik at madulas ang daanan tuwing umuulan, delikado talaga. Yun lang po.",Negative,2026-08-20
BSA,1,Staff,"Ang tagal ng pila, mahigit isang oras ako naghintay para lang sa simpleng request. Sana po maayos pa.",Negative,2026-08-02
BSN,4,Payments,"Madali lang mag-bayad online, ilang minuto lang tapos na agad ang transaction. Also, Clear ang breakdown ng fees, walang hidden charges na nakakagulat. Sana mapansin ito.",Positive,2026-08-12
BSN,4,Payments,"Base sa experience ko, Salamat sa flexible payment terms, malaking tulong para sa amin na estudyante. Dagdag pa rito, Napakabilis maprocess ang refund ko, hindi ko inaasahan na ganoon kabilis.",Positive,2026-08-05
BSN,3,Staff,"Rude yung pagsagot sa akin kahit magalang naman ako magtanong. Hindi ma-contact ang office, ilang beses akong tumawag walang sumasagot.",Negative,2026-08-13
BEED,2,Payments,"Manageable ang installment plan, kahit papaano nakakaabot naman ako. Plus, Sapat naman ang info na nakalagay sa invoice, though pwede pa dagdagan ng detalye. Sana po maayos pa.",Neutral,2026-08-19
BSIT,3,Staff,"Approachable sila lalo na yung nasa front desk, madali lang lapitan. At saka, Sobrang bilis ng pag-proseso ng request ko, hindi na ako naghintay ng matagal. Yun lang po.",Positive,2026-08-14
BSIS,4,Faculty,"Sa totoo lang, Ok lang ang setup, minsan mabilis mag-move sa next topic pero survivable. Kasabay nito, Average lang, may improvement pero pwede pa i-improve ang engagement.",Neutral,2026-08-08
BSA,2,Faculty,"Nakaka-inspire yung dedication niya sa amin, sobrang malaking tulong sa pag-aaral ko. At saka, Nagustuhan ko yung ginawa niyang group projects, naging mas fun ang pag-aaral. Sana mapansin ito.",Positive,2026-08-17
BSA,1,Staff,"For me, Solved agad nila yung concern ko kahit medyo complicated pa yun. Kasabay nito, Sobrang bilis ng pag-proseso ng request ko, hindi na ako naghintay ng matagal. That's it naman.",Positive,2026-08-08
BEED,1,Faculty,"Sa totoo lang, Nakaka-inspire yung dedication niya sa amin, sobrang malaking tulong sa pag-aaral ko. Sana ma-continue.",Positive,2026-08-03
BSIT,1,Staff,"Honestly, Approachable sila lalo na yung nasa front desk, madali lang lapitan.",Positive,2026-08-19
BSCS,3,Faculty,"Base sa experience ko, Nasusundan ko naman ang lesson kahit medyo mabilis minsan. Also, Ok lang ang setup, minsan mabilis mag-move sa next topic pero survivable.",Neutral,2026-08-09
BSIS,1,Payments,"Clear ang breakdown ng fees, walang hidden charges na nakakagulat. Dagdag pa rito, Ang bilis ng confirmation pagkatapos magbayad, walang problema sa receipt.",Positive,2026-08-18
BSIT,3,Payments,"Gumagana naman ang portal kahit minsan medyo mabagal mag-load. Kasabay nito, Nagawa naman ang bayad ko kahit medyo malabo yung instructions sa simula.",Neutral,2026-08-12
BSA,3,Payments,"Nagka-error yung system nang magbayad ako, kinailangan kong ulitin ng tatlong beses. Dagdag pa rito, Walang senyales o notification kapag may urgent na balance, nagulat na lang ako. Sana mapansin ito.",Negative,2026-08-06
BEED,3,Payments,"Base sa experience ko, Clear ang breakdown ng fees, walang hidden charges na nakakagulat. Kasabay nito, Napakadali ma-access ang payment history online, malinaw lahat ng transaction.",Positive,2026-08-18
BSIS,2,Facilities,"Gumagana naman ang mga equipment kahit medyo luma na. Plus, Okay lang naman ang mga pasilidad, wala namang malaking problema.",Neutral,2026-08-13
BEED,2,Staff,"For me, Very accommodating sila kahit maraming tao, hindi sila nagmamadali sa amin. Nagpapasalamat ako sa tulong nila, naayos agad yung isyu ko sa records. Yun lang po.",Positive,2026-08-11
BSA,4,Faculty,"Effective yung teaching style, gusto ko pumasok kahit umaga pa. Sana ma-continue.",Positive,2026-08-11
BSBA,2,Facilities,"Base sa experience ko, Matagal nang sira ang aircon pero wala pa ring inaayos.",Negative,2026-08-20
BEED,2,Faculty,"Nakakalito ang instructions, iba-iba ang sinasabi kada session. Grabe ang dami ng requirements na binigay overnight lang, sobrang stressful. That's it naman.",Negative,2026-08-13
BSA,3,Staff,"Friendly talaga sila kausap, hindi ka mararamdamang burden kahit maraming tanong. At saka, Ang galing ng customer service, sinagot lahat ng tanong ko nang maayos.",Positive,2026-08-14
BSBA,4,Faculty,"Honestly, Minsan late siya pumasok pero mahigpit sa amin kapag nahuli kami. Palaging cancelled ang klase pero hindi namin alam kung ano ang gagawin instead.",Negative,2026-08-19
BEED,2,Payments,"For me, Walang senyales o notification kapag may urgent na balance, nagulat na lang ako. Also, Sobrang taas ng miscellaneous fees na hindi naman malinaw kung para saan. Sana po maayos pa.",Negative,2026-08-03
BSN,1,Facilities,"Ang ganda ng bagong study hub, sulit gamitin lalo na tuwing exam week. Kasabay nito, Sobrang comfortable ng bagong chairs sa classroom, hindi na masakit ang likod.",Positive,2026-08-08
BEED,2,Staff,"Base sa experience ko, Rude yung pagsagot sa akin kahit magalang naman ako magtanong. Kasabay nito, Parang naiirita sila kapag nagtatanong kami, minsan makasakit ng loob ang sagot.",Negative,2026-08-02
BSN,2,Staff,"Very accommodating sila kahit maraming tao, hindi sila nagmamadali sa amin. Dagdag pa rito, Ang galing ng customer service, sinagot lahat ng tanong ko nang maayos. Yun lang po.",Positive,2026-08-11
BEED,4,Facilities,"Overall, Matagal nang sira ang aircon pero wala pa ring inaayos. Sana mapansin ito.",Negative,2026-08-10
BEED,1,Staff,"Sinagot naman lahat ng katanungan ko kahit hindi masyadong detalyado. Okay lang naman, ginawa naman nila trabaho nila kahit medyo tahimik.",Neutral,2026-08-11
BSA,4,Staff,"Nagawa naman yung request ko, konting hintay lang pero okay pa rin. Dagdag pa rito, Sinagot naman lahat ng katanungan ko kahit hindi masyadong detalyado. That's it naman.",Neutral,2026-08-19
BSBA,3,Staff,Sinagot naman lahat ng katanungan ko kahit hindi masyadong detalyado.,Neutral,2026-08-07
BSIS,3,Facilities,"Base sa experience ko, Gumagana naman ang mga equipment kahit medyo luma na.",Neutral,2026-08-05
BSA,4,Facilities,"Honestly, Marumi ang mga CR, matagal nang hindi na-clean ayon sa nakikita ko. Dagdag pa rito, Sira ang projector kaya hirap kaming makita ang mga slides.",Negative,2026-08-20
BSA,3,Payments,"Base sa experience ko, Madali lang mag-bayad online, ilang minuto lang tapos na agad ang transaction. Sana ma-continue.",Positive,2026-08-19
BEED,1,Staff,"Sa totoo lang, Ang bait ng staff sa registrar, tinulungan ako agad sa concern ko.",Positive,2026-08-05
BEED,4,Payments,"Base sa experience ko, Nagawa naman ang bayad ko kahit medyo malabo yung instructions sa simula. Plus, Okay lang ang proseso, walang malaking hassle sa pagbabayad. That's it naman.",Neutral,2026-08-19
BSN,2,Staff,"Standard lang ang service, walang masyadong extraordinary pero gumagana naman. Sana po maayos pa.",Neutral,2026-08-16
BEED,4,Staff,"Rude yung pagsagot sa akin kahit magalang naman ako magtanong. Plus, Sobrang unorganized ng linya, nagulo lahat kasi walang numbering system. That's it naman.",Negative,2026-08-10
BSBA,3,Faculty,"Sa totoo lang, Late palagi mag-post ng grades kaya hindi namin alam kung saan kami kulang. Yun lang po.",Negative,2026-08-13
BSN,2,Faculty,"Manageable ang workload, though pwede pang dagdagan ng examples. Also, Gets ko naman kahit papaano, though mas gusto ko sana may mas maraming halimbawa. Sana ma-continue.",Neutral,2026-08-19
BSBA,1,Staff,"Overall, Okay lang naman, ginawa naman nila trabaho nila kahit medyo tahimik.",Neutral,2026-08-12
BSA,2,Staff,"Base sa experience ko, Medyo mabagal ang proseso pero natapos naman sa huli. Sana ma-continue.",Neutral,2026-08-15
BSIT,4,Faculty,"For me, Gets ko naman kahit papaano, though mas gusto ko sana may mas maraming halimbawa. Dagdag pa rito, Ok lang ang setup, minsan mabilis mag-move sa next topic pero survivable.",Neutral,2026-08-12
BSIT,4,Staff,"Nawala yung documents ko, kailangan ko pang mag-resubmit ng lahat. Dagdag pa rito, Ang tagal ng pila, mahigit isang oras ako naghintay para lang sa simpleng request.",Negative,2026-08-06
BSBA,2,Payments,"Walang senyales o notification kapag may urgent na balance, nagulat na lang ako. Also, Ilang araw bago ma-reflect ang bayad ko sa system, nag-alala ako baka mabansag late.",Negative,2026-08-17
BSIT,3,Faculty,"Overall, Nakakalito ang instructions, iba-iba ang sinasabi kada session.",Negative,2026-08-08
BSA,4,Facilities,"Base sa experience ko, Sapat naman ang espasyo sa classroom kahit medyo crowded minsan. Dagdag pa rito, Gumagana naman ang mga equipment kahit medyo luma na. Sana ma-continue.",Neutral,2026-08-01
BSA,2,Payments,"Base sa experience ko, Clear ang breakdown ng fees, walang hidden charges na nakakagulat. Dagdag pa rito, Madali lang mag-bayad online, ilang minuto lang tapos na agad ang transaction. Sana ma-continue.",Positive,2026-08-10
BSCS,3,Facilities,"Base sa experience ko, Kulang ang ilaw sa hallway kaya madilim tuwing gabi may klase pa. Kasabay nito, Matagal nang sira ang aircon pero wala pa ring inaayos. Sana mapansin ito.",Negative,2026-08-17
BSCS,1,Staff,"Honestly, Sobrang unorganized ng linya, nagulo lahat kasi walang numbering system. At saka, Nakakalungkot kasi kulang ang staff kaya matagal talaga ang serbisyo. Yun lang po.",Negative,2026-08-04
BSIT,2,Staff,"Sapat naman ang tulong, though pwede pang paganahan ang follow-through. Dagdag pa rito, Standard lang ang service, walang masyadong extraordinary pero gumagana naman. Sana po maayos pa.",Neutral,2026-08-16
BSN,2,Facilities,"Sa totoo lang, Maayos na ang signage sa buong campus, hindi na ako nalilito saan pupunta.",Positive,2026-08-14
BSCS,1,Faculty,"For me, Sobrang harsh ng comments sa papers namin, hindi constructive. Yun lang po.",Negative,2026-08-09
BSBA,4,Staff,"For me, Ang tagal ng pila, mahigit isang oras ako naghintay para lang sa simpleng request. Kasabay nito, Nawala yung documents ko, kailangan ko pang mag-resubmit ng lahat. That's it naman.",Negative,2026-08-04
BSA,1,Facilities,"Kulang ang ilaw sa hallway kaya madilim tuwing gabi may klase pa. Kasabay nito, Maputik at madulas ang daanan tuwing umuulan, delikado talaga. Yun lang po.",Negative,2026-08-16
BSBA,4,Staff,Rude yung pagsagot sa akin kahit magalang naman ako magtanong. Sana po maayos pa.,Negative,2026-08-03
BSN,1,Faculty,"Kahit strict, makikita mo naman na gusto niya kami matuto ng maayos.",Positive,2026-08-05
BSCS,1,Staff,"Naantala ang enrollment ko dahil sa mali nilang input sa system. Kasabay nito, Sobrang bagal, parang walang urgency kahit alam nilang may deadline kami. Sana mapansin ito.",Negative,2026-08-09
BSA,4,Faculty,"Overall, Sufficient ang materials na ibinigay, though di gaanong interactive. At saka, Average lang, may improvement pero pwede pa i-improve ang engagement.",Neutral,2026-08-10
BSCS,3,Payments,"Okay lang ang proseso, walang malaking hassle sa pagbabayad. Plus, Gumagana naman ang portal kahit minsan medyo mabagal mag-load. That's it naman.",Neutral,2026-08-13
BEED,4,Staff,"Base sa experience ko, Medyo mabagal ang proseso pero natapos naman sa huli. Plus, Okay lang naman, ginawa naman nila trabaho nila kahit medyo tahimik.",Neutral,2026-08-06
BSA,3,Payments,"Base sa experience ko, Ilang araw bago ma-reflect ang bayad ko sa system, nag-alala ako baka mabansag late. Dagdag pa rito, Nagka-error yung system nang magbayad ako, kinailangan kong ulitin ng tatlong beses.",Negative,2026-08-17
BSCS,3,Faculty,"Nahihirapan akong sumunod sa lecture kasi sobrang bilis at walang recap. Kasabay nito, Feeling ko sobrang favoritism, iba yung treatment sa ibang section. That's it naman.",Negative,2026-08-16
BSN,3,Staff,"Medyo mabagal ang proseso pero natapos naman sa huli. Plus, Nagawa ang kailangan ko kahit medyo kailangan kong balikan ng ilang beses.",Neutral,2026-08-02
BEED,3,Faculty,"Sa totoo lang, Karaniwan lang ang delivery, hindi masyadong exciting pero informative naman.",Neutral,2026-08-14
BSA,3,Facilities,"Maputik at madulas ang daanan tuwing umuulan, delikado talaga. That's it naman.",Negative,2026-08-02
BEED,2,Faculty,"Grading criteria hindi malinaw, iba-iba ang score kahit parehas lang ang sagot. Kasabay nito, Grabe ang dami ng requirements na binigay overnight lang, sobrang stressful.",Negative,2026-08-17
BSCS,2,Faculty,"For me, Nagustuhan ko yung ginawa niyang group projects, naging mas fun ang pag-aaral. Kudos talaga, hindi boring ang lecture kahit tatlong oras. That's it naman.",Positive,2026-08-06
BSIS,4,Staff,"Salamat sa staff na patient magpaliwanag ng steps para sa clearance ko. Plus, Solved agad nila yung concern ko kahit medyo complicated pa yun. Sana po maayos pa.",Positive,2026-08-13
BEED,4,Faculty,"Base sa experience ko, Gets ko naman kahit papaano, though mas gusto ko sana may mas maraming halimbawa. Sana po maayos pa.",Neutral,2026-08-10
BSN,3,Facilities,"Base sa experience ko, Okay lang naman ang mga pasilidad, wala namang malaking problema. Kasabay nito, Sapat naman ang espasyo sa classroom kahit medyo crowded minsan.",Neutral,2026-08-16
BSIS,4,Payments,"Overall, Walang senyales o notification kapag may urgent na balance, nagulat na lang ako. Also, Nagka-error yung system nang magbayad ako, kinailangan kong ulitin ng tatlong beses.",Negative,2026-08-02
BSIS,2,Faculty,"For me, Minsan late siya pumasok pero mahigpit sa amin kapag nahuli kami. Feeling ko sobrang favoritism, iba yung treatment sa ibang section.",Negative,2026-08-05
BSIS,4,Faculty,"Passable ang klase, may mga part lang na medyo mahirap sundan. Kasabay nito, Consistent naman sa schedule pero konti lang ang interaction sa class.",Neutral,2026-08-20
BSN,2,Faculty,"Overall, Passable ang klase, may mga part lang na medyo mahirap sundan. Yun lang po.",Neutral,2026-08-12
BSIS,2,Payments,"Honestly, Nag-crash ang portal habang nagbabayad ako, hindi ko alam kung na-charge na ako o hindi. At saka, Nagka-error yung system nang magbayad ako, kinailangan kong ulitin ng tatlong beses. Sana po maayos pa.",Negative,2026-08-02
BEED,1,Staff,"Overall, Parang naiirita sila kapag nagtatanong kami, minsan makasakit ng loob ang sagot. Plus, Ilang beses akong bumalik dahil hindi complete ang binigay nilang instructions. Yun lang po.",Negative,2026-08-15
BEED,1,Facilities,"For me, Napansin kong mas maayos na ang aircon sa mga labs, hindi na sobrang init. Plus, Salamat sa maayos na CRs, laging malinis kapag pumupunta ako. Sana po maayos pa.",Positive,2026-08-06
BSBA,2,Payments,"Sobrang taas ng miscellaneous fees na hindi naman malinaw kung para saan. Nagka-error yung system nang magbayad ako, kinailangan kong ulitin ng tatlong beses.",Negative,2026-08-01
BSBA,3,Faculty,"Honestly, Nakaka-frustrate kasi hindi na-explain ng maayos bago pa kami binigyan ng exam. Nahihirapan akong sumunod sa lecture kasi sobrang bilis at walang recap. Sana mapansin ito.",Negative,2026-08-16
BSCS,1,Staff,"Honestly, Ang galing ng customer service, sinagot lahat ng tanong ko nang maayos. Sana mapansin ito.",Positive,2026-08-15
BSCS,1,Staff,"Base sa experience ko, Naantala ang enrollment ko dahil sa mali nilang input sa system. Kasabay nito, Rude yung pagsagot sa akin kahit magalang naman ako magtanong. Yun lang po.",Negative,2026-08-03
BSN,1,Staff,"Honestly, Nagawa naman yung request ko, konting hintay lang pero okay pa rin. At saka, Sapat naman ang tulong, though pwede pang paganahan ang follow-through.",Neutral,2026-08-21
BEED,3,Faculty,"Medyo puro lecture pero at least clear naman ang mga concepts. Plus, Consistent naman sa schedule pero konti lang ang interaction sa class. That's it naman.",Neutral,2026-08-19
BSCS,3,Faculty,"Base sa experience ko, Effective yung teaching style, gusto ko pumasok kahit umaga pa.",Positive,2026-08-05
BEED,1,Payments,"For me, Nahirapan akong makipag-ayos sa refund ko, sobrang tagal ng proseso. Plus, Walang senyales o notification kapag may urgent na balance, nagulat na lang ako. Sana po maayos pa.",Negative,2026-08-05
BSBA,2,Staff,"Overall, Sinagot naman lahat ng katanungan ko kahit hindi masyadong detalyado. At saka, Medyo mabagal ang proseso pero natapos naman sa huli. Sana ma-continue.",Neutral,2026-08-07
BSN,3,Payments,"Honestly, Confusing ang breakdown ng fees, parang may extra charge na hindi ko na-expect. Kasabay nito, Nahirapan akong makipag-ayos sa refund ko, sobrang tagal ng proseso. Sana mapansin ito.",Negative,2026-08-12
BSA,3,Faculty,"Overall, Hirap kausapin, parang ayaw talaga sumagot sa concerns namin. Plus, Nahihirapan akong sumunod sa lecture kasi sobrang bilis at walang recap.",Negative,2026-08-20
BSCS,3,Staff,"For me, Ilang beses akong bumalik dahil hindi complete ang binigay nilang instructions. Walang malinaw na proseso, iba-iba ang sinasabi ng bawat staff.",Negative,2026-08-02
BSIS,2,Facilities,"Base sa experience ko, Sira ang projector kaya hirap kaming makita ang mga slides. At saka, Kulang ang ilaw sa hallway kaya madilim tuwing gabi may klase pa. Yun lang po.",Negative,2026-08-12
BSN,3,Staff,"Maayos ang communication, may updates palagi kung ano na ang status ng request ko. That's it naman.",Positive,2026-08-18
BEED,3,Faculty,"Base sa experience ko, Manageable ang workload, though pwede pang dagdagan ng examples.",Neutral,2026-08-03
BSA,3,Staff,"Sa totoo lang, Nawala yung documents ko, kailangan ko pang mag-resubmit ng lahat. Plus, Nakakalungkot kasi kulang ang staff kaya matagal talaga ang serbisyo.",Negative,2026-08-03
BSCS,1,Faculty,"For me, Manageable ang workload, though pwede pang dagdagan ng examples. Karaniwan lang ang delivery, hindi masyadong exciting pero informative naman. Yun lang po.",Neutral,2026-08-06
BSIS,4,Payments,"Sa totoo lang, Sapat naman ang info na nakalagay sa invoice, though pwede pa dagdagan ng detalye. Dagdag pa rito, Manageable ang installment plan, kahit papaano nakakaabot naman ako. Sana po maayos pa.",Neutral,2026-08-20
BSCS,3,Facilities,"For me, Manageable naman ang traffic sa hallway kahit peak hours. At saka, Sapat naman ang espasyo sa classroom kahit medyo crowded minsan. Sana ma-continue.",Neutral,2026-08-01
BSIT,4,Facilities,"Overall, Maayos na ang signage sa buong campus, hindi na ako nalilito saan pupunta. That's it naman.",Positive,2026-08-07
BSN,3,Facilities,"Honestly, Ang ganda ng bagong study hub, sulit gamitin lalo na tuwing exam week. Kasabay nito, Well-maintained ang mga equipment sa laboratory, gumagana lahat nang maayos.",Positive,2026-08-13
BSN,4,Staff,"Medyo mabagal ang proseso pero natapos naman sa huli. Dagdag pa rito, Standard lang ang service, walang masyadong extraordinary pero gumagana naman.",Neutral,2026-08-12
BSIT,2,Facilities,"For me, Okay lang naman ang mga pasilidad, wala namang malaking problema. Gumagana naman ang mga equipment kahit medyo luma na. Sana ma-continue.",Neutral,2026-08-14
BSCS,3,Staff,"Honestly, Sapat naman ang tulong, though pwede pang paganahan ang follow-through. Kasabay nito, Nagawa naman yung request ko, konting hintay lang pero okay pa rin. Sana ma-continue.",Neutral,2026-08-21
BSN,1,Faculty,"For me, Sobrang helpful ng consultation hours, laging may time para sa amin.",Positive,2026-08-06
BSA,2,Facilities,"Sa totoo lang, Maganda na ang wifi sa campus, hindi na nade-delay ang mga online activities namin. At saka, Salamat sa maayos na CRs, laging malinis kapag pumupunta ako.",Positive,2026-08-16
BSIS,4,Payments,"Overall, Nahirapan akong makipag-ayos sa refund ko, sobrang tagal ng proseso. Sana ma-continue.",Negative,2026-08-03
BSIS,2,Faculty,"Overall, Effective yung teaching style, gusto ko pumasok kahit umaga pa. Also, Nakaka-inspire yung dedication niya sa amin, sobrang malaking tulong sa pag-aaral ko. Yun lang po.",Positive,2026-08-10
BSA,3,Staff,"For me, Friendly talaga sila kausap, hindi ka mararamdamang burden kahit maraming tanong. Kasabay nito, Solved agad nila yung concern ko kahit medyo complicated pa yun. That's it naman.",Positive,2026-08-14
BEED,2,Faculty,"Overall, Ang saya ng klase dahil interactive at hindi puro lecture lang, may activities talaga. Plus, Ang bilis niya sumagot sa messages namin, super approachable talaga.",Positive,2026-08-10
BSIS,4,Payments,"Sa totoo lang, Nagawa naman ang bayad ko kahit medyo malabo yung instructions sa simula. Okay lang ang proseso, walang malaking hassle sa pagbabayad.",Neutral,2026-08-02
BSIT,3,Facilities,"Honestly, Ang linis at ayos ng library ngayon, sobrang conducive mag-aral. Sana ma-continue.",Positive,2026-08-13
BEED,3,Staff,"Base sa experience ko, Sapat naman ang tulong, though pwede pang paganahan ang follow-through. Sinagot naman lahat ng katanungan ko kahit hindi masyadong detalyado.",Neutral,2026-08-15
BSIS,2,Payments,"Sa totoo lang, Gumagana naman ang portal kahit minsan medyo mabagal mag-load. Dagdag pa rito, Manageable ang installment plan, kahit papaano nakakaabot naman ako. Sana ma-continue.",Neutral,2026-08-13
BSCS,1,Faculty,"Base sa experience ko, Sobrang helpful ng consultation hours, laging may time para sa amin. Kasabay nito, Proud ako maging student niya, malaki ang natutunan ko this semester. Sana ma-continue.",Positive,2026-08-13
BSIT,2,Staff,"Overall, Sobrang bilis ng pag-proseso ng request ko, hindi na ako naghintay ng matagal. Kasabay nito, Ang galing ng customer service, sinagot lahat ng tanong ko nang maayos.",Positive,2026-08-09
BSN,1,Payments,"Base sa experience ko, Napakabilis maprocess ang refund ko, hindi ko inaasahan na ganoon kabilis. Plus, Napakadali ma-access ang payment history online, malinaw lahat ng transaction. Yun lang po.",Positive,2026-08-19
BSIS,4,Faculty,"Base sa experience ko, Late palagi mag-post ng grades kaya hindi namin alam kung saan kami kulang. Sana mapansin ito.",Negative,2026-08-15
BSA,3,Staff,"Ang tagal ng pila, mahigit isang oras ako naghintay para lang sa simpleng request. Naantala ang enrollment ko dahil sa mali nilang input sa system.",Negative,2026-08-15
BSBA,4,Facilities,"Salamat sa maayos na CRs, laging malinis kapag pumupunta ako. Dagdag pa rito, Napansin kong mas maayos na ang aircon sa mga labs, hindi na sobrang init. Yun lang po.",Positive,2026-08-09
BEED,2,Faculty,"Medyo puro lecture pero at least clear naman ang mga concepts. Also, Sakto lang ang pace, hindi mabilis pero hindi rin masyadong mabagal.",Neutral,2026-08-08
BEED,4,Staff,"Base sa experience ko, Fine lang ang experience ko, wala akong major issue sa transaction. Plus, Karaniwang klase ng service, hindi masama pero hindi rin sobrang astig.",Neutral,2026-08-06
BSIS,4,Facilities,"Sobrang init sa loob ng room kasi sira ang aircon for weeks na. Plus, Marumi ang mga CR, matagal nang hindi na-clean ayon sa nakikita ko.",Negative,2026-08-15
BSA,4,Payments,"Overall, Sobrang convenient ng bagong payment portal, hindi na kailangan pumila.",Positive,2026-08-09
BSBA,4,Staff,"Sa totoo lang, Sobrang bilis ng pag-proseso ng request ko, hindi na ako naghintay ng matagal. Sana po maayos pa.",Positive,2026-08-14
BEED,4,Staff,"For me, Okay lang naman, ginawa naman nila trabaho nila kahit medyo tahimik. Sinagot naman lahat ng katanungan ko kahit hindi masyadong detalyado.",Neutral,2026-08-08
BSBA,4,Payments,"Overall, Nagawa naman ang bayad ko kahit medyo malabo yung instructions sa simula. Dagdag pa rito, Gumagana naman ang portal kahit minsan medyo mabagal mag-load. Sana po maayos pa.",Neutral,2026-08-07
BSIS,2,Faculty,"Sa totoo lang, Wala akong natutunan sa buong semester, puro readings na wala namang discussion. Also, Feeling ko sobrang favoritism, iba yung treatment sa ibang section.",Negative,2026-08-13
BSN,1,Staff,"Sa totoo lang, Salamat sa staff na patient magpaliwanag ng steps para sa clearance ko. Plus, Approachable sila lalo na yung nasa front desk, madali lang lapitan. Sana po maayos pa.",Positive,2026-08-10
BEED,4,Faculty,"Nakaka-inspire yung dedication niya sa amin, sobrang malaking tulong sa pag-aaral ko. Also, Nakakatuwa kasi may humor pa sa gitna ng mahirap na lesson, hindi nakakaantok. That's it naman.",Positive,2026-08-19
BSIS,3,Payments,"Sa totoo lang, Nagka-error yung system nang magbayad ako, kinailangan kong ulitin ng tatlong beses. That's it naman.",Negative,2026-08-15
BSN,4,Staff,"Nakakalungkot kasi kulang ang staff kaya matagal talaga ang serbisyo. At saka, Rude yung pagsagot sa akin kahit magalang naman ako magtanong.",Negative,2026-08-18
BSCS,4,Payments,"Honestly, Okay lang ang proseso, walang malaking hassle sa pagbabayad. Dagdag pa rito, Sapat naman ang info na nakalagay sa invoice, though pwede pa dagdagan ng detalye.",Neutral,2026-08-13
BSIT,2,Faculty,"Base sa experience ko, Grading criteria hindi malinaw, iba-iba ang score kahit parehas lang ang sagot. Also, Feeling ko sobrang favoritism, iba yung treatment sa ibang section. Sana po maayos pa.",Negative,2026-08-18
BSIT,1,Payments,"Base sa experience ko, Sapat naman ang info na nakalagay sa invoice, though pwede pa dagdagan ng detalye. Dagdag pa rito, Standard lang ang fees, wala namang malaking pagbabago kumpara noon. Sana po maayos pa.",Neutral,2026-08-02
BSA,3,Staff,"Overall, Efficient sila mag-assist, alam nila agad kung ano gagawin ko. Plus, Salamat sa staff na patient magpaliwanag ng steps para sa clearance ko. Sana ma-continue.",Positive,2026-08-06
BSA,2,Payments,"Honestly, Sapat naman ang info na nakalagay sa invoice, though pwede pa dagdagan ng detalye. Kasabay nito, Gumagana naman ang portal kahit minsan medyo mabagal mag-load. Sana mapansin ito.",Neutral,2026-08-09
BSN,2,Facilities,"Sa totoo lang, Sobrang init sa loob ng room kasi sira ang aircon for weeks na. Sana mapansin ito.",Negative,2026-08-20
BEED,2,Staff,"Sa totoo lang, Hindi ma-contact ang office, ilang beses akong tumawag walang sumasagot. Plus, Sobrang bagal, parang walang urgency kahit alam nilang may deadline kami. Yun lang po.",Negative,2026-08-17
BSA,4,Facilities,"Sobrang siksikan sa room, kulang ang upuan para sa lahat ng estudyante. That's it naman.",Negative,2026-08-21
BSIT,2,Facilities,Sobrang init sa loob ng room kasi sira ang aircon for weeks na. That's it naman.,Negative,2026-08-12
BSIT,3,Staff,Nakakalungkot kasi kulang ang staff kaya matagal talaga ang serbisyo. Ilang beses akong bumalik dahil hindi complete ang binigay nilang instructions.,Negative,2026-08-09
BSIT,3,Payments,"Base sa experience ko, Napakabilis maprocess ang refund ko, hindi ko inaasahan na ganoon kabilis. Sana mapansin ito.",Positive,2026-08-13
BSA,2,Facilities,"Base sa experience ko, Functional pa rin ang mga computer sa lab kahit mabagal konti. Plus, Okay lang naman ang mga pasilidad, wala namang malaking problema. Sana ma-continue.",Neutral,2026-08-02
BSBA,1,Faculty,"Honestly, Nakakatuwa kasi may humor pa sa gitna ng mahirap na lesson, hindi nakakaantok. Sana po maayos pa.",Positive,2026-08-19
BSIT,1,Facilities,"Base sa experience ko, Manageable naman ang traffic sa hallway kahit peak hours. Functional pa rin ang mga computer sa lab kahit mabagal konti.",Neutral,2026-08-03
BSA,1,Facilities,"Functional pa rin ang mga computer sa lab kahit mabagal konti. Plus, Sapat naman ang espasyo sa classroom kahit medyo crowded minsan. Sana ma-continue.",Neutral,2026-08-02
BSA,1,Payments,"For me, Nahirapan akong makipag-ayos sa refund ko, sobrang tagal ng proseso. Kasabay nito, Hindi pantay ang na-post na balance ko sa totoong binayaran ko. Sana ma-continue.",Negative,2026-08-06
BSCS,2,Facilities,"Base sa experience ko, Well-maintained ang mga equipment sa laboratory, gumagana lahat nang maayos.",Positive,2026-08-04
BSA,4,Payments,"Ang bilis ng confirmation pagkatapos magbayad, walang problema sa receipt. Also, Madali lang mag-bayad online, ilang minuto lang tapos na agad ang transaction.",Positive,2026-08-11
BSBA,3,Payments,"Sa totoo lang, Standard lang ang fees, wala namang malaking pagbabago kumpara noon. Sana ma-continue.",Neutral,2026-08-21
BSN,3,Faculty,"Overall, Effective yung teaching style, gusto ko pumasok kahit umaga pa. Dagdag pa rito, Grabe, ang galing mag-explain, may mga real-life examples pa na madaling ma-relate.",Positive,2026-08-14
BSBA,3,Facilities,"Palaging discconnect ang wifi, nakakaabala sa mga submission namin.",Negative,2026-08-11
BSN,2,Facilities,"Sa totoo lang, Okay lang naman ang mga pasilidad, wala namang malaking problema. Plus, Functional pa rin ang mga computer sa lab kahit mabagal konti. Sana ma-continue.",Neutral,2026-08-19
BSIS,1,Payments,"For me, Clear ang breakdown ng fees, walang hidden charges na nakakagulat. Kasabay nito, Napakabilis maprocess ang refund ko, hindi ko inaasahan na ganoon kabilis.",Positive,2026-08-17
BEED,2,Payments,"Overall, Confusing ang breakdown ng fees, parang may extra charge na hindi ko na-expect. Sana po maayos pa.",Negative,2026-08-14
BSBA,3,Facilities,"Overall, Maganda na ang wifi sa campus, hindi na nade-delay ang mga online activities namin. Well-maintained ang mga equipment sa laboratory, gumagana lahat nang maayos. That's it naman.",Positive,2026-08-17
BSCS,1,Faculty,"Sa totoo lang, Straightforward ang lectures, wala namang major issue. Kasabay nito, Okay lang naman ang klase, standard lang, walang masyadong kakaiba.",Neutral,2026-08-03
BSIT,4,Payments,"For me, Ilang araw bago ma-reflect ang bayad ko sa system, nag-alala ako baka mabansag late. Nagka-error yung system nang magbayad ako, kinailangan kong ulitin ng tatlong beses. Sana po maayos pa.",Negative,2026-08-13
BEED,1,Payments,"Sa totoo lang, Hindi pantay ang na-post na balance ko sa totoong binayaran ko. Yun lang po.",Negative,2026-08-20
BSBA,4,Facilities,"Base sa experience ko, Well-maintained ang mga equipment sa laboratory, gumagana lahat nang maayos. Kasabay nito, Maganda na ang wifi sa campus, hindi na nade-delay ang mga online activities namin.",Positive,2026-08-17
BSIS,2,Payments,"Base sa experience ko, Manageable ang installment plan, kahit papaano nakakaabot naman ako. At saka, Okay lang ang proseso, walang malaking hassle sa pagbabayad. Yun lang po.",Neutral,2026-08-02
BSBA,1,Payments,"Sa totoo lang, Confusing ang breakdown ng fees, parang may extra charge na hindi ko na-expect. At saka, Hindi pantay ang na-post na balance ko sa totoong binayaran ko. Sana mapansin ito.",Negative,2026-08-13
BSIT,2,Staff,"Sa totoo lang, Naantala ang enrollment ko dahil sa mali nilang input sa system. Sana po maayos pa.",Negative,2026-08-03
BSIS,2,Staff,"Base sa experience ko, Naantala ang enrollment ko dahil sa mali nilang input sa system. Dagdag pa rito, Ang tagal ng pila, mahigit isang oras ako naghintay para lang sa simpleng request. Sana mapansin ito.",Negative,2026-08-15
BEED,4,Faculty,"Base sa experience ko, Nakaka-frustrate kasi hindi na-explain ng maayos bago pa kami binigyan ng exam. Kasabay nito, Parang galit palagi kapag nagtatanong kami, nakakatakot lumapit.",Negative,2026-08-16
BSN,1,Staff,"Salamat sa staff na patient magpaliwanag ng steps para sa clearance ko. Ang bait ng staff sa registrar, tinulungan ako agad sa concern ko.",Positive,2026-08-08
BEED,1,Facilities,"Sobrang comfortable ng bagong chairs sa classroom, hindi na masakit ang likod.",Positive,2026-08-11
BSIS,3,Staff,"Sa totoo lang, Sinagot naman lahat ng katanungan ko kahit hindi masyadong detalyado. Sana ma-continue.",Neutral,2026-08-12
BSIT,4,Faculty,"Honestly, Napakadetalyado ng feedback sa mga output namin, malaking tulong para umimprove. Plus, Proud ako maging student niya, malaki ang natutunan ko this semester. Yun lang po.",Positive,2026-08-21
BSIT,1,Faculty,"Overall, Walang malaking reklamo, pero pwede pa ring paganahin nang konti ang klase. Sana ma-continue.",Neutral,2026-08-08
BSBA,1,Facilities,"Napansin kong mas maayos na ang aircon sa mga labs, hindi na sobrang init. That's it naman.",Positive,2026-08-21
BSIS,3,Facilities,"Sa totoo lang, Well-maintained ang mga equipment sa laboratory, gumagana lahat nang maayos. Plus, Salamat sa maayos na CRs, laging malinis kapag pumupunta ako.",Positive,2026-08-15
BSBA,3,Staff,"Base sa experience ko, Maayos ang communication, may updates palagi kung ano na ang status ng request ko. Also, Approachable sila lalo na yung nasa front desk, madali lang lapitan.",Positive,2026-08-07
BSIT,2,Payments,"Sa totoo lang, Okay lang ang proseso, walang malaking hassle sa pagbabayad. At saka, Manageable ang installment plan, kahit papaano nakakaabot naman ako. That's it naman.",Neutral,2026-08-04
BSBA,4,Faculty,"Honestly, Nagustuhan ko yung ginawa niyang group projects, naging mas fun ang pag-aaral. At saka, Ang linaw ng instructions niya, walang naguguluhan sa requirements.",Positive,2026-08-02
BSA,3,Facilities,"Sa totoo lang, Functional pa rin ang mga computer sa lab kahit mabagal konti. Sana po maayos pa.",Neutral,2026-08-08
BSN,3,Staff,"Naramdaman ko na sincere sila sa pagtulong, hindi lang basta trabaho lang para sa kanila. That's it naman.",Positive,2026-08-09
BSN,4,Payments,"Overall, Salamat sa flexible payment terms, malaking tulong para sa amin na estudyante. Dagdag pa rito, Napakadali ma-access ang payment history online, malinaw lahat ng transaction.",Positive,2026-08-10
BSIT,3,Staff,"Overall, Nagpapasalamat ako sa tulong nila, naayos agad yung isyu ko sa records. Dagdag pa rito, Ang bait ng staff sa registrar, tinulungan ako agad sa concern ko. Yun lang po.",Positive,2026-08-21
BSA,3,Faculty,"Base sa experience ko, Nagustuhan ko yung ginawa niyang group projects, naging mas fun ang pag-aaral. That's it naman.",Positive,2026-08-14
BSCS,2,Faculty,"Minsan late siya pumasok pero mahigpit sa amin kapag nahuli kami. At saka, Parang galit palagi kapag nagtatanong kami, nakakatakot lumapit. Sana po maayos pa.",Negative,2026-08-07
BEED,2,Staff,"Overall, Efficient sila mag-assist, alam nila agad kung ano gagawin ko. Yun lang po.",Positive,2026-08-21
BSIT,2,Faculty,"Grabe ang dami ng requirements na binigay overnight lang, sobrang stressful. Sobrang laganap ng typo sa slides, mukhang hindi pa na-proofread. Sana mapansin ito.",Negative,2026-08-11
BSIT,1,Staff,"Overall, Friendly talaga sila kausap, hindi ka mararamdamang burden kahit maraming tanong. At saka, Nagpapasalamat ako sa tulong nila, naayos agad yung isyu ko sa records.",Positive,2026-08-13
BSIT,3,Facilities,Functional pa rin ang mga computer sa lab kahit mabagal konti. Gumagana naman ang mga equipment kahit medyo luma na. Sana ma-continue.,Neutral,2026-08-01
BSN,4,Staff,"For me, Nakakalungkot kasi kulang ang staff kaya matagal talaga ang serbisyo. Also, Sobrang unorganized ng linya, nagulo lahat kasi walang numbering system. That's it naman.",Negative,2026-08-04
BSN,2,Staff,"Honestly, Medyo mabagal ang proseso pero natapos naman sa huli. Kasabay nito, Karaniwang klase ng service, hindi masama pero hindi rin sobrang astig. That's it naman.",Neutral,2026-08-18
BSA,2,Facilities,"Sa totoo lang, Sira ang projector kaya hirap kaming makita ang mga slides. Plus, Sobrang init sa loob ng room kasi sira ang aircon for weeks na. Sana ma-continue.",Negative,2026-08-05
BSIS,1,Staff,"Honestly, Approachable sila lalo na yung nasa front desk, madali lang lapitan. Naramdaman ko na sincere sila sa pagtulong, hindi lang basta trabaho lang para sa kanila. Sana ma-continue.",Positive,2026-08-13
BSCS,1,Staff,"Sa totoo lang, Nagawa naman yung request ko, konting hintay lang pero okay pa rin. Yun lang po.",Neutral,2026-08-19
BSBA,4,Faculty,"Sakto lang ang pace, hindi mabilis pero hindi rin masyadong mabagal.",Neutral,2026-08-19
BSIT,4,Facilities,"Sobrang siksikan sa room, kulang ang upuan para sa lahat ng estudyante. Kasabay nito, Marumi ang mga CR, matagal nang hindi na-clean ayon sa nakikita ko.",Negative,2026-08-17
BSBA,2,Faculty,"Honestly, Fine naman siya bilang teacher, gets ko naman ang mga tinuturo. Consistent naman sa schedule pero konti lang ang interaction sa class.",Neutral,2026-08-06
BEED,4,Facilities,"For me, Marumi ang mga CR, matagal nang hindi na-clean ayon sa nakikita ko. Also, Sobrang siksikan sa room, kulang ang upuan para sa lahat ng estudyante. Sana ma-continue.",Negative,2026-08-11
BEED,4,Facilities,"Overall, Sira ang projector kaya hirap kaming makita ang mga slides. Yun lang po.",Negative,2026-08-21
BSN,4,Payments,"For me, Napakabilis maprocess ang refund ko, hindi ko inaasahan na ganoon kabilis. Kasabay nito, Sobrang convenient ng bagong payment portal, hindi na kailangan pumila. Sana mapansin ito.",Positive,2026-08-03
BSCS,2,Facilities,"Base sa experience ko, Manageable naman ang traffic sa hallway kahit peak hours. Sapat naman ang espasyo sa classroom kahit medyo crowded minsan.",Neutral,2026-08-01
BSCS,1,Facilities,"Overall, Palaging discconnect ang wifi, nakakaabala sa mga submission namin. Plus, Maputik at madulas ang daanan tuwing umuulan, delikado talaga. Yun lang po.",Negative,2026-08-07
BSBA,1,Faculty,"Base sa experience ko, Nakaka-inspire yung dedication niya sa amin, sobrang malaking tulong sa pag-aaral ko. Also, Ang bilis niya sumagot sa messages namin, super approachable talaga. Sana ma-continue.",Positive,2026-08-07
BSA,2,Facilities,"Ang linis at ayos ng library ngayon, sobrang conducive mag-aral.",Positive,2026-08-08
BSA,2,Facilities,"Napansin kong mas maayos na ang aircon sa mga labs, hindi na sobrang init. Dagdag pa rito, Maayos na ang signage sa buong campus, hindi na ako nalilito saan pupunta.",Positive,2026-08-08
BSN,3,Payments,"Base sa experience ko, Sapat naman ang info na nakalagay sa invoice, though pwede pa dagdagan ng detalye. Sana po maayos pa.",Neutral,2026-08-18
BSBA,3,Payments,"Base sa experience ko, Gumagana naman ang portal kahit minsan medyo mabagal mag-load. Nagawa naman ang bayad ko kahit medyo malabo yung instructions sa simula. Yun lang po.",Neutral,2026-08-10
BSBA,1,Facilities,"Overall, Manageable naman ang traffic sa hallway kahit peak hours.",Neutral,2026-08-11
BSA,4,Facilities,"Sa totoo lang, Sobrang comfortable ng bagong chairs sa classroom, hindi na masakit ang likod. Ang ganda ng bagong study hub, sulit gamitin lalo na tuwing exam week. Sana ma-continue.",Positive,2026-08-07
BSBA,4,Payments,"Sa totoo lang, Napakabilis maprocess ang refund ko, hindi ko inaasahan na ganoon kabilis. At saka, Salamat sa flexible payment terms, malaking tulong para sa amin na estudyante.",Positive,2026-08-10
BSN,3,Facilities,"Standard lang ang kondisyon ng canteen, walang masyadong reklamo. Sapat naman ang espasyo sa classroom kahit medyo crowded minsan. Yun lang po.",Neutral,2026-08-19
BSIS,1,Staff,"Base sa experience ko, Fine lang ang experience ko, wala akong major issue sa transaction. At saka, Okay lang naman, ginawa naman nila trabaho nila kahit medyo tahimik. Yun lang po.",Neutral,2026-08-07
BSIT,3,Facilities,"Sobrang init sa loob ng room kasi sira ang aircon for weeks na. At saka, Sira ang projector kaya hirap kaming makita ang mga slides. That's it naman.",Negative,2026-08-18
BSIT,3,Faculty,"Base sa experience ko, Sakto lang ang pace, hindi mabilis pero hindi rin masyadong mabagal. At saka, Karaniwan lang ang delivery, hindi masyadong exciting pero informative naman. Yun lang po.",Neutral,2026-08-17
BSCS,2,Payments,"Standard lang ang fees, wala namang malaking pagbabago kumpara noon. Nagawa naman ang bayad ko kahit medyo malabo yung instructions sa simula. That's it naman.",Neutral,2026-08-18
BSA,4,Staff,"Fine lang ang experience ko, wala akong major issue sa transaction. Kasabay nito, Sinagot naman lahat ng katanungan ko kahit hindi masyadong detalyado. Yun lang po.",Neutral,2026-08-12
BSIT,2,Faculty,"Honestly, Kudos talaga, hindi boring ang lecture kahit tatlong oras.",Positive,2026-08-18
BSIS,3,Payments,"Ang bilis ng confirmation pagkatapos magbayad, walang problema sa receipt. Kasabay nito, Sobrang convenient ng bagong payment portal, hindi na kailangan pumila. Sana po maayos pa.",Positive,2026-08-05
BSN,2,Staff,"Sa totoo lang, Sobrang bilis ng pag-proseso ng request ko, hindi na ako naghintay ng matagal. Plus, Naramdaman ko na sincere sila sa pagtulong, hindi lang basta trabaho lang para sa kanila. Yun lang po.",Positive,2026-08-07
BSBA,1,Faculty,"Grading criteria hindi malinaw, iba-iba ang score kahit parehas lang ang sagot. Plus, Hirap kausapin, parang ayaw talaga sumagot sa concerns namin.",Negative,2026-08-08
BSN,3,Faculty,"Palaging cancelled ang klase pero hindi namin alam kung ano ang gagawin instead. Kasabay nito, Late palagi mag-post ng grades kaya hindi namin alam kung saan kami kulang. Sana mapansin ito.",Negative,2026-08-21
BSCS,2,Payments,"For me, Clear ang breakdown ng fees, walang hidden charges na nakakagulat. Plus, Maayos ang tracking ng balance ko, laging updated ang statement of account. Sana mapansin ito.",Positive,2026-08-05
BSIT,3,Payments,"Standard lang ang fees, wala namang malaking pagbabago kumpara noon. Kasabay nito, Sapat naman ang info na nakalagay sa invoice, though pwede pa dagdagan ng detalye.",Neutral,2026-08-17
BSIT,3,Faculty,"For me, Napakadetalyado ng feedback sa mga output namin, malaking tulong para umimprove. Plus, Patient siya sa mga tanong namin kahit paulit-ulit, sobrang bait niya explain ng explain. Sana mapansin ito.",Positive,2026-08-05
BSA,1,Payments,"Overall, Okay lang ang proseso, walang malaking hassle sa pagbabayad. Sana mapansin ito.",Neutral,2026-08-16
BSA,1,Facilities,"Napansin kong mas maayos na ang aircon sa mga labs, hindi na sobrang init. At saka, Sobrang comfortable ng bagong chairs sa classroom, hindi na masakit ang likod.",Positive,2026-08-12
BSBA,3,Payments,"Nagka-error yung system nang magbayad ako, kinailangan kong ulitin ng tatlong beses. Sana mapansin ito.",Negative,2026-08-20
BSN,4,Faculty,"Kahit strict, makikita mo naman na gusto niya kami matuto ng maayos. Dagdag pa rito, Sobrang organized ng modules and lahat ng deadlines clear from day one. That's it naman.",Positive,2026-08-15
BSA,2,Staff,"Honestly, Friendly talaga sila kausap, hindi ka mararamdamang burden kahit maraming tanong. Also, Ang bait ng staff sa registrar, tinulungan ako agad sa concern ko.",Positive,2026-08-16
BSIT,1,Facilities,"Honestly, Sobrang comfortable ng bagong chairs sa classroom, hindi na masakit ang likod. At saka, Well-maintained ang mga equipment sa laboratory, gumagana lahat nang maayos. Sana ma-continue.",Positive,2026-08-15
BSN,2,Payments,"Base sa experience ko, Nagka-error yung system nang magbayad ako, kinailangan kong ulitin ng tatlong beses. Plus, Nag-crash ang portal habang nagbabayad ako, hindi ko alam kung na-charge na ako o hindi. Sana ma-continue.",Negative,2026-08-14
BSIT,1,Facilities,"Base sa experience ko, Ang linis at ayos ng library ngayon, sobrang conducive mag-aral. Kasabay nito, Well-maintained ang mga equipment sa laboratory, gumagana lahat nang maayos. Yun lang po.",Positive,2026-08-04
BSBA,1,Staff,"Overall, Hindi ma-contact ang office, ilang beses akong tumawag walang sumasagot. Plus, Walang malinaw na proseso, iba-iba ang sinasabi ng bawat staff. Sana po maayos pa.",Negative,2026-08-17
BSA,1,Staff,"Overall, Parang naiirita sila kapag nagtatanong kami, minsan makasakit ng loob ang sagot. Kasabay nito, Sobrang bagal, parang walang urgency kahit alam nilang may deadline kami. That's it naman.",Negative,2026-08-05
BSCS,2,Payments,"Napakadali ma-access ang payment history online, malinaw lahat ng transaction. Kasabay nito, Sobrang convenient ng bagong payment portal, hindi na kailangan pumila. Sana mapansin ito.",Positive,2026-08-03
BSCS,4,Staff,"Honestly, Sobrang unorganized ng linya, nagulo lahat kasi walang numbering system. Kasabay nito, Ilang beses akong bumalik dahil hindi complete ang binigay nilang instructions. Sana ma-continue.",Negative,2026-08-12
BEED,1,Facilities,"Functional pa rin ang mga computer sa lab kahit mabagal konti. Dagdag pa rito, Okay lang naman ang mga pasilidad, wala namang malaking problema. Sana mapansin ito.",Neutral,2026-08-10
BSIT,3,Faculty,"Honestly, Sobrang helpful ng consultation hours, laging may time para sa amin. Nakaka-inspire yung dedication niya sa amin, sobrang malaking tulong sa pag-aaral ko.",Positive,2026-08-02
BEED,1,Staff,"Sapat naman ang tulong, though pwede pang paganahan ang follow-through.",Neutral,2026-08-05
BEED,1,Staff,"Sa totoo lang, Very accommodating sila kahit maraming tao, hindi sila nagmamadali sa amin. Dagdag pa rito, Sobrang bilis ng pag-proseso ng request ko, hindi na ako naghintay ng matagal.",Positive,2026-08-01
BSIS,4,Payments,"Sobrang taas ng miscellaneous fees na hindi naman malinaw kung para saan. At saka, Ilang araw bago ma-reflect ang bayad ko sa system, nag-alala ako baka mabansag late.",Negative,2026-08-11
BSCS,1,Facilities,"Marumi ang mga CR, matagal nang hindi na-clean ayon sa nakikita ko. Kasabay nito, Palaging discconnect ang wifi, nakakaabala sa mga submission namin. Yun lang po.",Negative,2026-08-05
BSBA,4,Payments,"Ilang araw bago ma-reflect ang bayad ko sa system, nag-alala ako baka mabansag late. That's it naman.",Negative,2026-08-01
BSIT,1,Facilities,"Standard lang ang kondisyon ng canteen, walang masyadong reklamo. At saka, Okay lang naman ang mga pasilidad, wala namang malaking problema. Sana ma-continue.",Neutral,2026-08-19
BSA,4,Payments,"Manageable ang installment plan, kahit papaano nakakaabot naman ako. Kasabay nito, Nagawa naman ang bayad ko kahit medyo malabo yung instructions sa simula. Sana po maayos pa.",Neutral,2026-08-11
BSBA,1,Staff,"Ilang beses akong bumalik dahil hindi complete ang binigay nilang instructions. Plus, Nakakalungkot kasi kulang ang staff kaya matagal talaga ang serbisyo.",Negative,2026-08-16
BEED,3,Facilities,"Base sa experience ko, Standard lang ang kondisyon ng canteen, walang masyadong reklamo. Kasabay nito, Okay lang naman ang mga pasilidad, wala namang malaking problema. That's it naman.",Neutral,2026-08-07
BSIS,2,Payments,"For me, Clear ang breakdown ng fees, walang hidden charges na nakakagulat. Kasabay nito, Salamat sa flexible payment terms, malaking tulong para sa amin na estudyante. Sana po maayos pa.",Positive,2026-08-04
BSCS,1,Facilities,"Standard lang ang kondisyon ng canteen, walang masyadong reklamo. At saka, Gumagana naman ang mga equipment kahit medyo luma na.",Neutral,2026-08-06
BSCS,4,Faculty,"Overall, Palaging cancelled ang klase pero hindi namin alam kung ano ang gagawin instead. Also, Wala akong natutunan sa buong semester, puro readings na wala namang discussion.",Negative,2026-08-04
BSIT,2,Staff,"Okay lang naman, ginawa naman nila trabaho nila kahit medyo tahimik. Standard lang ang service, walang masyadong extraordinary pero gumagana naman.",Neutral,2026-08-18
BEED,3,Staff,"Sinagot naman lahat ng katanungan ko kahit hindi masyadong detalyado. Karaniwang klase ng service, hindi masama pero hindi rin sobrang astig. Yun lang po.",Neutral,2026-08-18
BSIS,3,Facilities,"Base sa experience ko, Salamat sa maayos na CRs, laging malinis kapag pumupunta ako. Well-maintained ang mga equipment sa laboratory, gumagana lahat nang maayos. Sana po maayos pa.",Positive,2026-08-04
BEED,4,Payments,"Sa totoo lang, Maayos ang tracking ng balance ko, laging updated ang statement of account. At saka, Sobrang convenient ng bagong payment portal, hindi na kailangan pumila. Sana mapansin ito.",Positive,2026-08-13
BSCS,2,Faculty,"Sa totoo lang, Napakadetalyado ng feedback sa mga output namin, malaking tulong para umimprove. Dagdag pa rito, Grasya na lang ang klase kasi laging may recap bago pumunta sa bagong topic. Sana mapansin ito.",Positive,2026-08-01
BSA,1,Faculty,"Feeling ko sobrang favoritism, iba yung treatment sa ibang section. At saka, Hindi makasagot ng maayos sa mga tanong, parang hindi rin sure sa topic. Yun lang po.",Negative,2026-08-05
BSIS,4,Staff,"Sapat naman ang tulong, though pwede pang paganahan ang follow-through. At saka, Fine lang ang experience ko, wala akong major issue sa transaction.",Neutral,2026-08-01
BSBA,4,Facilities,Manageable naman ang traffic sa hallway kahit peak hours. Sana mapansin ito.,Neutral,2026-08-08
BEED,3,Payments,"Hindi pantay ang na-post na balance ko sa totoong binayaran ko. Walang senyales o notification kapag may urgent na balance, nagulat na lang ako. Sana mapansin ito.",Negative,2026-08-13
BSA,1,Staff,"Honestly, Nagawa naman yung request ko, konting hintay lang pero okay pa rin. At saka, Nagawa ang kailangan ko kahit medyo kailangan kong balikan ng ilang beses. Sana mapansin ito.",Neutral,2026-08-17
BSA,3,Faculty,"Okay lang naman ang klase, standard lang, walang masyadong kakaiba. Sakto lang ang pace, hindi mabilis pero hindi rin masyadong mabagal. Sana po maayos pa.",Neutral,2026-08-02
BSIT,1,Staff,"Sa totoo lang, Karaniwang klase ng service, hindi masama pero hindi rin sobrang astig. Yun lang po.",Neutral,2026-08-11
BSA,2,Payments,"Base sa experience ko, Ilang araw bago ma-reflect ang bayad ko sa system, nag-alala ako baka mabansag late.",Negative,2026-08-19
BSBA,4,Facilities,"Base sa experience ko, Sapat naman ang espasyo sa classroom kahit medyo crowded minsan. Dagdag pa rito, Standard lang ang kondisyon ng canteen, walang masyadong reklamo. That's it naman.",Neutral,2026-08-08
BEED,2,Facilities,"Honestly, Sira ang projector kaya hirap kaming makita ang mga slides. Sana ma-continue.",Negative,2026-08-13
BSCS,1,Faculty,"Base sa experience ko, Sakto lang ang pace, hindi mabilis pero hindi rin masyadong mabagal. Kasabay nito, Walang malaking reklamo, pero pwede pa ring paganahin nang konti ang klase. That's it naman.",Neutral,2026-08-10
BSCS,2,Staff,"Sa totoo lang, Nakakalungkot kasi kulang ang staff kaya matagal talaga ang serbisyo. Dagdag pa rito, Hindi ma-contact ang office, ilang beses akong tumawag walang sumasagot.",Negative,2026-08-16
BEED,2,Payments,"For me, Ilang araw bago ma-reflect ang bayad ko sa system, nag-alala ako baka mabansag late. Plus, Hindi pantay ang na-post na balance ko sa totoong binayaran ko. Sana po maayos pa.",Negative,2026-08-07
BSA,2,Payments,"Base sa experience ko, Sobrang convenient ng bagong payment portal, hindi na kailangan pumila. Sana po maayos pa.",Positive,2026-08-03
BSN,1,Staff,"Sa totoo lang, Nakakalungkot kasi kulang ang staff kaya matagal talaga ang serbisyo. Also, Naantala ang enrollment ko dahil sa mali nilang input sa system.",Negative,2026-08-04
BSA,2,Staff,"Base sa experience ko, Okay lang naman, ginawa naman nila trabaho nila kahit medyo tahimik. Yun lang po.",Neutral,2026-08-04
BSIS,1,Payments,"Honestly, Sobrang convenient ng bagong payment portal, hindi na kailangan pumila. Sana ma-continue.",Positive,2026-08-03
BSIT,1,Staff,"Overall, Naramdaman ko na sincere sila sa pagtulong, hindi lang basta trabaho lang para sa kanila. Plus, Ang galing ng customer service, sinagot lahat ng tanong ko nang maayos.",Positive,2026-08-13
BSA,4,Payments,"Sa totoo lang, Madali lang mag-bayad online, ilang minuto lang tapos na agad ang transaction.",Positive,2026-08-11
BSA,4,Payments,"Sa totoo lang, Standard lang ang fees, wala namang malaking pagbabago kumpara noon. Manageable ang installment plan, kahit papaano nakakaabot naman ako.",Neutral,2026-08-20
BSN,1,Staff,"Sobrang bagal, parang walang urgency kahit alam nilang may deadline kami. That's it naman.",Negative,2026-08-04
BSBA,2,Staff,"Ilang beses akong bumalik dahil hindi complete ang binigay nilang instructions. Dagdag pa rito, Hindi ma-contact ang office, ilang beses akong tumawag walang sumasagot. Sana ma-continue.",Negative,2026-08-03
BSIT,4,Facilities,"Honestly, Standard lang ang kondisyon ng canteen, walang masyadong reklamo.",Neutral,2026-08-11
BEED,4,Facilities,"Sa totoo lang, Functional pa rin ang mga computer sa lab kahit mabagal konti. Kasabay nito, Sapat naman ang espasyo sa classroom kahit medyo crowded minsan.",Neutral,2026-08-16
BEED,2,Faculty,Grasya na lang ang klase kasi laging may recap bago pumunta sa bagong topic.,Positive,2026-08-03
BEED,3,Facilities,"Napansin kong mas maayos na ang aircon sa mga labs, hindi na sobrang init. At saka, Ang ganda ng bagong study hub, sulit gamitin lalo na tuwing exam week. Sana po maayos pa.",Positive,2026-08-09
BSCS,4,Staff,"Nagawa ang kailangan ko kahit medyo kailangan kong balikan ng ilang beses. Okay lang naman, ginawa naman nila trabaho nila kahit medyo tahimik. That's it naman.",Neutral,2026-08-08
BSN,2,Payments,"Napakadali ma-access ang payment history online, malinaw lahat ng transaction. Sana ma-continue.",Positive,2026-08-18
BEED,2,Facilities,"Sa totoo lang, Gumagana naman ang mga equipment kahit medyo luma na. Kasabay nito, Manageable naman ang traffic sa hallway kahit peak hours. Sana mapansin ito.",Neutral,2026-08-08
BSBA,2,Payments,"For me, Gumagana naman ang portal kahit minsan medyo mabagal mag-load. Also, Manageable ang installment plan, kahit papaano nakakaabot naman ako.",Neutral,2026-08-12
BSN,2,Facilities,"For me, Matagal nang sira ang aircon pero wala pa ring inaayos. Sana po maayos pa.",Negative,2026-08-02
BSBA,1,Facilities,"Sa totoo lang, Palaging discconnect ang wifi, nakakaabala sa mga submission namin. Dagdag pa rito, Marumi ang mga CR, matagal nang hindi na-clean ayon sa nakikita ko. Sana po maayos pa.",Negative,2026-08-02
BSA,2,Staff,Nakakalungkot kasi kulang ang staff kaya matagal talaga ang serbisyo. That's it naman.,Negative,2026-08-20
BSA,3,Faculty,"Gets ko naman kahit papaano, though mas gusto ko sana may mas maraming halimbawa. Passable ang klase, may mga part lang na medyo mahirap sundan.",Neutral,2026-08-03
BSCS,3,Payments,"Nag-crash ang portal habang nagbabayad ako, hindi ko alam kung na-charge na ako o hindi. Ilang araw bago ma-reflect ang bayad ko sa system, nag-alala ako baka mabansag late.",Negative,2026-08-20
BSBA,3,Staff,"For me, Fine lang ang experience ko, wala akong major issue sa transaction. Medyo mabagal ang proseso pero natapos naman sa huli. Sana po maayos pa.",Neutral,2026-08-11
BSCS,4,Staff,"Overall, Rude yung pagsagot sa akin kahit magalang naman ako magtanong. That's it naman.",Negative,2026-08-06
BSCS,2,Faculty,"Buong klase, sobrang engaged lahat kasi may mga case studies na kawili-wili. That's it naman.",Positive,2026-08-11
BSCS,4,Staff,"Sa totoo lang, Sobrang unorganized ng linya, nagulo lahat kasi walang numbering system. Dagdag pa rito, Hindi ma-contact ang office, ilang beses akong tumawag walang sumasagot.",Negative,2026-08-07
BSIS,1,Payments,"Base sa experience ko, Clear ang breakdown ng fees, walang hidden charges na nakakagulat. At saka, Maayos ang tracking ng balance ko, laging updated ang statement of account.",Positive,2026-08-02
BEED,2,Staff,"Base sa experience ko, Ilang beses akong bumalik dahil hindi complete ang binigay nilang instructions. That's it naman.",Negative,2026-08-09
BSBA,4,Payments,"Base sa experience ko, Nag-crash ang portal habang nagbabayad ako, hindi ko alam kung na-charge na ako o hindi. Dagdag pa rito, Confusing ang breakdown ng fees, parang may extra charge na hindi ko na-expect.",Negative,2026-08-05
BSN,4,Facilities,"Overall, Napansin kong mas maayos na ang aircon sa mga labs, hindi na sobrang init. Plus, Ang linis at ayos ng library ngayon, sobrang conducive mag-aral. Yun lang po.",Positive,2026-08-14
BSN,2,Facilities,"Base sa experience ko, Napansin kong mas maayos na ang aircon sa mga labs, hindi na sobrang init.",Positive,2026-08-08
BSN,4,Staff,"Overall, Solved agad nila yung concern ko kahit medyo complicated pa yun.",Positive,2026-08-12
BSIS,2,Facilities,"Sobrang siksikan sa room, kulang ang upuan para sa lahat ng estudyante. Plus, Maputik at madulas ang daanan tuwing umuulan, delikado talaga. Yun lang po.",Negative,2026-08-13
BSIT,1,Facilities,"Honestly, Well-maintained ang mga equipment sa laboratory, gumagana lahat nang maayos. That's it naman.",Positive,2026-08-08
BEED,4,Payments,"Base sa experience ko, Maayos ang tracking ng balance ko, laging updated ang statement of account. At saka, Salamat sa flexible payment terms, malaking tulong para sa amin na estudyante.",Positive,2026-08-21
BSN,1,Staff,"Overall, Sobrang bilis ng pag-proseso ng request ko, hindi na ako naghintay ng matagal. Kasabay nito, Ang bait ng staff sa registrar, tinulungan ako agad sa concern ko. Sana mapansin ito.",Positive,2026-08-10
BEED,4,Payments,"For me, Okay lang ang proseso, walang malaking hassle sa pagbabayad.",Neutral,2026-08-01
BSBA,2,Facilities,"Base sa experience ko, Manageable naman ang traffic sa hallway kahit peak hours. That's it naman.",Neutral,2026-08-17
BSN,3,Faculty,"Overall, Manageable ang workload, though pwede pang dagdagan ng examples. Dagdag pa rito, Okay lang naman ang klase, standard lang, walang masyadong kakaiba. Sana ma-continue.",Neutral,2026-08-13
BSN,3,Payments,"Base sa experience ko, Nag-crash ang portal habang nagbabayad ako, hindi ko alam kung na-charge na ako o hindi. Yun lang po.",Negative,2026-08-15
BSBA,2,Facilities,"Maputik at madulas ang daanan tuwing umuulan, delikado talaga. At saka, Matagal nang sira ang aircon pero wala pa ring inaayos. Yun lang po.",Negative,2026-08-03
BEED,2,Staff,"Base sa experience ko, Ang galing ng customer service, sinagot lahat ng tanong ko nang maayos. Sana po maayos pa.",Positive,2026-08-12
BSBA,3,Faculty,"Sa totoo lang, Nakakalito ang instructions, iba-iba ang sinasabi kada session. Sana po maayos pa.",Negative,2026-08-03
BSIS,2,Staff,"Honestly, Standard lang ang service, walang masyadong extraordinary pero gumagana naman. Plus, Karaniwang klase ng service, hindi masama pero hindi rin sobrang astig. Sana mapansin ito.",Neutral,2026-08-08
BSIT,3,Payments,"Overall, Sobrang convenient ng bagong payment portal, hindi na kailangan pumila. At saka, Napakadali ma-access ang payment history online, malinaw lahat ng transaction.",Positive,2026-08-18
BSIS,1,Payments,"Sa totoo lang, Nagka-error yung system nang magbayad ako, kinailangan kong ulitin ng tatlong beses. Dagdag pa rito, Nahirapan akong makipag-ayos sa refund ko, sobrang tagal ng proseso. Yun lang po.",Negative,2026-08-19
BSCS,3,Faculty,"Sa totoo lang, Manageable ang workload, though pwede pang dagdagan ng examples. Kasabay nito, Ok lang ang setup, minsan mabilis mag-move sa next topic pero survivable. Yun lang po.",Neutral,2026-08-10
BEED,2,Staff,Naantala ang enrollment ko dahil sa mali nilang input sa system.,Negative,2026-08-19
BSBA,1,Facilities,"Base sa experience ko, Matagal nang sira ang aircon pero wala pa ring inaayos. Plus, Palaging discconnect ang wifi, nakakaabala sa mga submission namin. Sana po maayos pa.",Negative,2026-08-14
BSCS,1,Staff,"Honestly, Sobrang bilis ng pag-proseso ng request ko, hindi na ako naghintay ng matagal. Kasabay nito, Solved agad nila yung concern ko kahit medyo complicated pa yun.",Positive,2026-08-04
BSN,4,Faculty,"Honestly, Nakaka-frustrate kasi hindi na-explain ng maayos bago pa kami binigyan ng exam. Sana po maayos pa.",Negative,2026-08-18
BEED,4,Faculty,"For me, Late palagi mag-post ng grades kaya hindi namin alam kung saan kami kulang.",Negative,2026-08-03
BSIS,1,Facilities,"Well-maintained ang mga equipment sa laboratory, gumagana lahat nang maayos. Dagdag pa rito, Sobrang comfortable ng bagong chairs sa classroom, hindi na masakit ang likod.",Positive,2026-08-01
BSBA,4,Faculty,"Honestly, Nakaka-frustrate kasi hindi na-explain ng maayos bago pa kami binigyan ng exam. At saka, Hindi makasagot ng maayos sa mga tanong, parang hindi rin sure sa topic.",Negative,2026-08-20
BSA,2,Payments,"Nahirapan akong makipag-ayos sa refund ko, sobrang tagal ng proseso. Yun lang po.",Negative,2026-08-14
BEED,1,Facilities,"Honestly, Sira ang projector kaya hirap kaming makita ang mga slides. Plus, Kulang ang ilaw sa hallway kaya madilim tuwing gabi may klase pa. Sana mapansin ito.",Negative,2026-08-11
BSCS,1,Staff,"Overall, Ang bait ng staff sa registrar, tinulungan ako agad sa concern ko. Also, Salamat sa staff na patient magpaliwanag ng steps para sa clearance ko. Sana po maayos pa.",Positive,2026-08-16
BSA,3,Payments,"Base sa experience ko, Napakadali ma-access ang payment history online, malinaw lahat ng transaction.",Positive,2026-08-19
BSA,1,Staff,"Sa totoo lang, Parang naiirita sila kapag nagtatanong kami, minsan makasakit ng loob ang sagot. Also, Rude yung pagsagot sa akin kahit magalang naman ako magtanong.",Negative,2026-08-08
BSIT,1,Staff,"For me, Standard lang ang service, walang masyadong extraordinary pero gumagana naman. Kasabay nito, Fine lang ang experience ko, wala akong major issue sa transaction. That's it naman.",Neutral,2026-08-04
BEED,1,Faculty,"For me, Sakto lang ang pace, hindi mabilis pero hindi rin masyadong mabagal. Kasabay nito, Consistent naman sa schedule pero konti lang ang interaction sa class. Sana mapansin ito.",Neutral,2026-08-15
BSA,2,Payments,"Honestly, Ang bilis ng confirmation pagkatapos magbayad, walang problema sa receipt. Sana mapansin ito.",Positive,2026-08-19
BSIT,1,Faculty,"Overall, Kudos talaga, hindi boring ang lecture kahit tatlong oras. Plus, Kahit strict, makikita mo naman na gusto niya kami matuto ng maayos.",Positive,2026-08-09
BSIT,4,Staff,"Sa totoo lang, Nawala yung documents ko, kailangan ko pang mag-resubmit ng lahat.",Negative,2026-08-08
BSIS,2,Payments,"Base sa experience ko, Nagawa naman ang bayad ko kahit medyo malabo yung instructions sa simula. Sana ma-continue.",Neutral,2026-08-17
BSIS,2,Payments,"Sa totoo lang, Salamat sa flexible payment terms, malaking tulong para sa amin na estudyante.",Positive,2026-08-05
BSCS,2,Payments,"Base sa experience ko, Standard lang ang fees, wala namang malaking pagbabago kumpara noon. Kasabay nito, Okay lang ang proseso, walang malaking hassle sa pagbabayad. Yun lang po.",Neutral,2026-08-06
BSA,2,Staff,"Overall, Fine lang ang experience ko, wala akong major issue sa transaction. At saka, Nagawa naman yung request ko, konting hintay lang pero okay pa rin. Yun lang po.",Neutral,2026-08-19
BSIT,3,Payments,Hindi pantay ang na-post na balance ko sa totoong binayaran ko. That's it naman.,Negative,2026-08-14
BSCS,1,Faculty,"Wala akong natutunan sa buong semester, puro readings na wala namang discussion. Dagdag pa rito, Parang galit palagi kapag nagtatanong kami, nakakatakot lumapit.",Negative,2026-08-01
BSBA,2,Payments,"For me, Gumagana naman ang portal kahit minsan medyo mabagal mag-load. That's it naman.",Neutral,2026-08-15
BSCS,3,Staff,"Sa totoo lang, Naantala ang enrollment ko dahil sa mali nilang input sa system. Also, Ilang beses akong bumalik dahil hindi complete ang binigay nilang instructions. That's it naman.",Negative,2026-08-14
BSCS,3,Facilities,"For me, Kulang ang ilaw sa hallway kaya madilim tuwing gabi may klase pa.",Negative,2026-08-17
BSIT,3,Faculty,"Honestly, Sobrang organized ng modules and lahat ng deadlines clear from day one. At saka, Effective yung teaching style, gusto ko pumasok kahit umaga pa.",Positive,2026-08-06
BSN,4,Payments,"Honestly, Salamat sa flexible payment terms, malaking tulong para sa amin na estudyante. Plus, Ang bilis ng confirmation pagkatapos magbayad, walang problema sa receipt. Yun lang po.",Positive,2026-08-03
BSIT,4,Faculty,Nasusundan ko naman ang lesson kahit medyo mabilis minsan. Sana po maayos pa.,Neutral,2026-08-02
BEED,3,Faculty,"Sa totoo lang, Grabe, ang galing mag-explain, may mga real-life examples pa na madaling ma-relate. Dagdag pa rito, Ang bilis niya sumagot sa messages namin, super approachable talaga.",Positive,2026-08-20
BEED,4,Faculty,"Base sa experience ko, Feeling ko mas naintindihan ko ang subject dahil sa paraan ng pagtuturo niya kumpara sa ibang prof. Sana mapansin ito.",Positive,2026-08-21
BSBA,2,Staff,"Honestly, Efficient sila mag-assist, alam nila agad kung ano gagawin ko.",Positive,2026-08-16
BSIT,4,Faculty,"Base sa experience ko, Nahihirapan akong sumunod sa lecture kasi sobrang bilis at walang recap. Kasabay nito, Hindi makasagot ng maayos sa mga tanong, parang hindi rin sure sa topic.",Negative,2026-08-21
BSIT,4,Staff,"For me, Sinagot naman lahat ng katanungan ko kahit hindi masyadong detalyado. Sana mapansin ito.",Neutral,2026-08-03
BSIT,1,Facilities,"Sa totoo lang, Okay lang naman ang mga pasilidad, wala namang malaking problema. Sapat naman ang espasyo sa classroom kahit medyo crowded minsan. Sana ma-continue.",Neutral,2026-08-05
BEED,1,Payments,"Manageable ang installment plan, kahit papaano nakakaabot naman ako. Dagdag pa rito, Standard lang ang fees, wala namang malaking pagbabago kumpara noon. That's it naman.",Neutral,2026-08-09
BSIT,4,Payments,"Honestly, Maayos ang tracking ng balance ko, laging updated ang statement of account. Plus, Clear ang breakdown ng fees, walang hidden charges na nakakagulat.",Positive,2026-08-04
BSN,4,Facilities,"Overall, Salamat sa maayos na CRs, laging malinis kapag pumupunta ako.",Positive,2026-08-21
BEED,2,Facilities,"Honestly, Okay lang naman ang mga pasilidad, wala namang malaking problema.",Neutral,2026-08-12
BSA,2,Faculty,"Overall, Okay lang naman ang klase, standard lang, walang masyadong kakaiba. Plus, Karaniwan lang ang delivery, hindi masyadong exciting pero informative naman. Sana mapansin ito.",Neutral,2026-08-06
BEED,2,Faculty,"Honestly, Manageable ang workload, though pwede pang dagdagan ng examples. Dagdag pa rito, Sufficient ang materials na ibinigay, though di gaanong interactive. That's it naman.",Neutral,2026-08-20
BSBA,2,Payments,"Base sa experience ko, Okay lang ang proseso, walang malaking hassle sa pagbabayad. At saka, Gumagana naman ang portal kahit minsan medyo mabagal mag-load. Sana ma-continue.",Neutral,2026-08-15
BSIT,1,Payments,"Base sa experience ko, Sapat naman ang info na nakalagay sa invoice, though pwede pa dagdagan ng detalye. Dagdag pa rito, Gumagana naman ang portal kahit minsan medyo mabagal mag-load. Yun lang po.",Neutral,2026-08-16
BSIS,1,Facilities,"For me, Salamat sa maayos na CRs, laging malinis kapag pumupunta ako. Plus, Maayos na ang signage sa buong campus, hindi na ako nalilito saan pupunta.",Positive,2026-08-13
BSIS,4,Facilities,"Honestly, Napansin kong mas maayos na ang aircon sa mga labs, hindi na sobrang init. Sana mapansin ito.",Positive,2026-08-16
BSA,3,Facilities,"Sapat naman ang espasyo sa classroom kahit medyo crowded minsan. Also, Gumagana naman ang mga equipment kahit medyo luma na. Sana po maayos pa.",Neutral,2026-08-04
BSIS,1,Staff,"Sa totoo lang, Hindi ma-contact ang office, ilang beses akong tumawag walang sumasagot. Kasabay nito, Nakakalungkot kasi kulang ang staff kaya matagal talaga ang serbisyo.",Negative,2026-08-13
BSIS,3,Facilities,"For me, Gumagana naman ang mga equipment kahit medyo luma na. Also, Sapat naman ang espasyo sa classroom kahit medyo crowded minsan. Sana po maayos pa.",Neutral,2026-08-16
BEED,1,Staff,"Okay lang naman, ginawa naman nila trabaho nila kahit medyo tahimik. At saka, Nagawa naman yung request ko, konting hintay lang pero okay pa rin. That's it naman.",Neutral,2026-08-20
BSIS,2,Faculty,"Base sa experience ko, Hindi makasagot ng maayos sa mga tanong, parang hindi rin sure sa topic. Also, Grading criteria hindi malinaw, iba-iba ang score kahit parehas lang ang sagot. Sana ma-continue.",Negative,2026-08-11
BSA,2,Facilities,"Honestly, Matagal nang sira ang aircon pero wala pa ring inaayos. Yun lang po.",Negative,2026-08-04
BEED,2,Staff,"For me, Approachable sila lalo na yung nasa front desk, madali lang lapitan. Sana mapansin ito.",Positive,2026-08-10
BSIT,2,Payments,"Sa totoo lang, Confusing ang breakdown ng fees, parang may extra charge na hindi ko na-expect. Sana ma-continue.",Negative,2026-08-21
BSIS,3,Staff,"Sa totoo lang, Nagawa ang kailangan ko kahit medyo kailangan kong balikan ng ilang beses. Dagdag pa rito, Fine lang ang experience ko, wala akong major issue sa transaction. Sana mapansin ito.",Neutral,2026-08-03
BSN,2,Staff,"Sa totoo lang, Sobrang unorganized ng linya, nagulo lahat kasi walang numbering system. Sana po maayos pa.",Negative,2026-08-01
BSIT,1,Facilities,"Base sa experience ko, Ang ganda ng bagong study hub, sulit gamitin lalo na tuwing exam week. Sana po maayos pa.",Positive,2026-08-05
BEED,2,Facilities,"Sa totoo lang, Maayos na ang signage sa buong campus, hindi na ako nalilito saan pupunta. Also, Sobrang comfortable ng bagong chairs sa classroom, hindi na masakit ang likod. That's it naman.",Positive,2026-08-13
BEED,3,Facilities,"Base sa experience ko, Salamat sa maayos na CRs, laging malinis kapag pumupunta ako. Yun lang po.",Positive,2026-08-08
BSIT,1,Staff,"Overall, Walang malinaw na proseso, iba-iba ang sinasabi ng bawat staff. Dagdag pa rito, Sobrang bagal, parang walang urgency kahit alam nilang may deadline kami.",Negative,2026-08-01
BSA,3,Facilities,"Honestly, Well-maintained ang mga equipment sa laboratory, gumagana lahat nang maayos. Dagdag pa rito, Salamat sa maayos na CRs, laging malinis kapag pumupunta ako. Sana mapansin ito.",Positive,2026-08-09
BSN,3,Payments,"Base sa experience ko, Napakadali ma-access ang payment history online, malinaw lahat ng transaction. Dagdag pa rito, Sobrang convenient ng bagong payment portal, hindi na kailangan pumila. That's it naman.",Positive,2026-08-08
BSBA,4,Staff,"For me, Napakabilis at organized ng proseso, isang beses lang ako pumunta tapos na agad. Also, Maayos ang communication, may updates palagi kung ano na ang status ng request ko.",Positive,2026-08-04
BSBA,3,Payments,"Sa totoo lang, Ang bilis ng confirmation pagkatapos magbayad, walang problema sa receipt. Clear ang breakdown ng fees, walang hidden charges na nakakagulat.",Positive,2026-08-17
BSIS,1,Staff,"Overall, Standard lang ang service, walang masyadong extraordinary pero gumagana naman. Also, Sinagot naman lahat ng katanungan ko kahit hindi masyadong detalyado. That's it naman.",Neutral,2026-08-11
BEED,1,Facilities,"Honestly, Sira ang projector kaya hirap kaming makita ang mga slides. Also, Palaging discconnect ang wifi, nakakaabala sa mga submission namin.",Negative,2026-08-04
BSBA,4,Faculty,"Base sa experience ko, Sakto lang ang pace, hindi mabilis pero hindi rin masyadong mabagal. Sana mapansin ito.",Neutral,2026-08-18
BSIT,2,Payments,"Sa totoo lang, Okay lang ang proseso, walang malaking hassle sa pagbabayad. At saka, Sapat naman ang info na nakalagay sa invoice, though pwede pa dagdagan ng detalye. That's it naman.",Neutral,2026-08-05
BSN,4,Staff,"Base sa experience ko, Sobrang bagal, parang walang urgency kahit alam nilang may deadline kami. Plus, Ang tagal ng pila, mahigit isang oras ako naghintay para lang sa simpleng request.",Negative,2026-08-16
BSN,4,Staff,"For me, Sobrang bagal, parang walang urgency kahit alam nilang may deadline kami. At saka, Nakakalungkot kasi kulang ang staff kaya matagal talaga ang serbisyo. Yun lang po.",Negative,2026-08-09
BSN,2,Staff,"Rude yung pagsagot sa akin kahit magalang naman ako magtanong. Plus, Ilang beses akong bumalik dahil hindi complete ang binigay nilang instructions.",Negative,2026-08-04
BSCS,2,Facilities,"Base sa experience ko, Okay lang naman ang mga pasilidad, wala namang malaking problema. Dagdag pa rito, Standard lang ang kondisyon ng canteen, walang masyadong reklamo. Sana po maayos pa.",Neutral,2026-08-18
BSIS,1,Faculty,"For me, Palaging cancelled ang klase pero hindi namin alam kung ano ang gagawin instead. Dagdag pa rito, Hirap kausapin, parang ayaw talaga sumagot sa concerns namin. Sana po maayos pa.",Negative,2026-08-10
BSCS,1,Facilities,"Base sa experience ko, Palaging discconnect ang wifi, nakakaabala sa mga submission namin. Dagdag pa rito, Sobrang init sa loob ng room kasi sira ang aircon for weeks na. Yun lang po.",Negative,2026-08-01
BEED,4,Faculty,"For me, Nakakalito ang instructions, iba-iba ang sinasabi kada session. Dagdag pa rito, Minsan late siya pumasok pero mahigpit sa amin kapag nahuli kami. Sana ma-continue.",Negative,2026-08-21
BSCS,1,Facilities,"Ang ganda ng bagong study hub, sulit gamitin lalo na tuwing exam week. Dagdag pa rito, Napansin kong mas maayos na ang aircon sa mga labs, hindi na sobrang init.",Positive,2026-08-06
BSIS,3,Payments,"For me, Nagawa naman ang bayad ko kahit medyo malabo yung instructions sa simula.",Neutral,2026-08-10
BSN,4,Payments,"Sa totoo lang, Gumagana naman ang portal kahit minsan medyo mabagal mag-load. Sana ma-continue.",Neutral,2026-08-03
BSIS,2,Facilities,Gumagana naman ang mga equipment kahit medyo luma na. Manageable naman ang traffic sa hallway kahit peak hours.,Neutral,2026-08-04
BSIS,2,Payments,"Napakadali ma-access ang payment history online, malinaw lahat ng transaction. Also, Clear ang breakdown ng fees, walang hidden charges na nakakagulat. Sana ma-continue.",Positive,2026-08-07
BSBA,2,Facilities,"Base sa experience ko, Maayos na ang signage sa buong campus, hindi na ako nalilito saan pupunta. At saka, Sobrang comfortable ng bagong chairs sa classroom, hindi na masakit ang likod. Sana mapansin ito.",Positive,2026-08-19
BSA,4,Facilities,Manageable naman ang traffic sa hallway kahit peak hours. Yun lang po.,Neutral,2026-08-14
BSA,4,Payments,"Overall, Standard lang ang fees, wala namang malaking pagbabago kumpara noon. Dagdag pa rito, Manageable ang installment plan, kahit papaano nakakaabot naman ako. Sana ma-continue.",Neutral,2026-08-05
BSA,4,Facilities,"Gumagana naman ang mga equipment kahit medyo luma na. Plus, Functional pa rin ang mga computer sa lab kahit mabagal konti.",Neutral,2026-08-18
BSA,1,Facilities,"Sa totoo lang, Okay lang naman ang mga pasilidad, wala namang malaking problema. Sana ma-continue.",Neutral,2026-08-17
BSA,2,Facilities,"Salamat sa maayos na CRs, laging malinis kapag pumupunta ako. Sana mapansin ito.",Positive,2026-08-06
BSCS,1,Staff,"Honestly, Sapat naman ang tulong, though pwede pang paganahan ang follow-through. Plus, Okay lang naman, ginawa naman nila trabaho nila kahit medyo tahimik. Yun lang po.",Neutral,2026-08-12
BEED,1,Payments,"Base sa experience ko, Okay lang ang proseso, walang malaking hassle sa pagbabayad. Yun lang po.",Neutral,2026-08-11
BSBA,1,Payments,"Base sa experience ko, Hindi pantay ang na-post na balance ko sa totoong binayaran ko. Nahirapan akong makipag-ayos sa refund ko, sobrang tagal ng proseso. Sana mapansin ito.",Negative,2026-08-01
BSA,1,Payments,"Base sa experience ko, Manageable ang installment plan, kahit papaano nakakaabot naman ako. Kasabay nito, Sapat naman ang info na nakalagay sa invoice, though pwede pa dagdagan ng detalye. That's it naman.",Neutral,2026-08-14
BSBA,4,Staff,"Nagawa naman yung request ko, konting hintay lang pero okay pa rin. Also, Fine lang ang experience ko, wala akong major issue sa transaction. Sana po maayos pa.",Neutral,2026-08-13
BSA,2,Facilities,"Maganda na ang wifi sa campus, hindi na nade-delay ang mga online activities namin. Plus, Sobrang comfortable ng bagong chairs sa classroom, hindi na masakit ang likod. Sana mapansin ito.",Positive,2026-08-08
BSIS,1,Payments,"Sa totoo lang, Sobrang convenient ng bagong payment portal, hindi na kailangan pumila. Plus, Madali lang mag-bayad online, ilang minuto lang tapos na agad ang transaction. Sana mapansin ito.",Positive,2026-08-10
BSIT,4,Payments,"Base sa experience ko, Nagka-error yung system nang magbayad ako, kinailangan kong ulitin ng tatlong beses. Sana ma-continue.",Negative,2026-08-16
BSA,4,Faculty,"Honestly, Okay lang naman ang klase, standard lang, walang masyadong kakaiba.",Neutral,2026-08-16
BSA,2,Faculty,"Overall, Minsan late siya pumasok pero mahigpit sa amin kapag nahuli kami. Sana ma-continue.",Negative,2026-08-18
BSCS,3,Payments,"Sa totoo lang, Ang bilis ng confirmation pagkatapos magbayad, walang problema sa receipt. Dagdag pa rito, Napakadali ma-access ang payment history online, malinaw lahat ng transaction.",Positive,2026-08-12
BSIS,1,Facilities,"For me, Gumagana naman ang mga equipment kahit medyo luma na. Sana ma-continue.",Neutral,2026-08-08
BSBA,3,Faculty,"Honestly, Grabe, ang galing mag-explain, may mga real-life examples pa na madaling ma-relate. Grasya na lang ang klase kasi laging may recap bago pumunta sa bagong topic. Sana ma-continue.",Positive,2026-08-06
BSCS,1,Payments,"Base sa experience ko, Gumagana naman ang portal kahit minsan medyo mabagal mag-load.",Neutral,2026-08-11
BSCS,1,Payments,"Overall, Hindi pantay ang na-post na balance ko sa totoong binayaran ko. Sana mapansin ito.",Negative,2026-08-12
BSIT,2,Staff,"Nagawa ang kailangan ko kahit medyo kailangan kong balikan ng ilang beses. Kasabay nito, Medyo mabagal ang proseso pero natapos naman sa huli. That's it naman.",Neutral,2026-08-09
BSA,4,Facilities,"Sa totoo lang, Ang linis at ayos ng library ngayon, sobrang conducive mag-aral. Yun lang po.",Positive,2026-08-09
BEED,1,Facilities,"Overall, Sobrang init sa loob ng room kasi sira ang aircon for weeks na. Sana po maayos pa.",Negative,2026-08-11
BEED,2,Payments,"Standard lang ang fees, wala namang malaking pagbabago kumpara noon.",Neutral,2026-08-07
BSN,4,Staff,"Nawala yung documents ko, kailangan ko pang mag-resubmit ng lahat. That's it naman.",Negative,2026-08-04
BEED,2,Faculty,"Overall, Straightforward ang lectures, wala namang major issue. Dagdag pa rito, Gets ko naman kahit papaano, though mas gusto ko sana may mas maraming halimbawa.",Neutral,2026-08-05
BSCS,2,Staff,"Napakabilis at organized ng proseso, isang beses lang ako pumunta tapos na agad. Kasabay nito, Ang bait ng staff sa registrar, tinulungan ako agad sa concern ko. Sana po maayos pa.",Positive,2026-08-05
BSBA,2,Facilities,"Sa totoo lang, Maputik at madulas ang daanan tuwing umuulan, delikado talaga.",Negative,2026-08-14
BSBA,3,Facilities,"Base sa experience ko, Maayos na ang signage sa buong campus, hindi na ako nalilito saan pupunta. Sana mapansin ito.",Positive,2026-08-20
BEED,2,Faculty,"Ang saya ng klase dahil interactive at hindi puro lecture lang, may activities talaga. Also, Effective yung teaching style, gusto ko pumasok kahit umaga pa. Sana mapansin ito.",Positive,2026-08-14
BSN,2,Payments,"For me, Hindi pantay ang na-post na balance ko sa totoong binayaran ko. At saka, Confusing ang breakdown ng fees, parang may extra charge na hindi ko na-expect. That's it naman.",Negative,2026-08-10
BSA,4,Faculty,"Base sa experience ko, Palaging cancelled ang klase pero hindi namin alam kung ano ang gagawin instead. Also, Hirap kausapin, parang ayaw talaga sumagot sa concerns namin. Yun lang po.",Negative,2026-08-14
BSIT,4,Facilities,"Overall, Sobrang comfortable ng bagong chairs sa classroom, hindi na masakit ang likod. Sana mapansin ito.",Positive,2026-08-11
BSCS,2,Staff,"For me, Rude yung pagsagot sa akin kahit magalang naman ako magtanong.",Negative,2026-08-13
BSIS,3,Faculty,"Base sa experience ko, Buong klase, sobrang engaged lahat kasi may mga case studies na kawili-wili.",Positive,2026-08-18
BSBA,2,Payments,"Madali lang mag-bayad online, ilang minuto lang tapos na agad ang transaction. Kasabay nito, Ang bilis ng confirmation pagkatapos magbayad, walang problema sa receipt.",Positive,2026-08-19
BSN,3,Faculty,"Effective yung teaching style, gusto ko pumasok kahit umaga pa. Dagdag pa rito, Proud ako maging student niya, malaki ang natutunan ko this semester. Sana mapansin ito.",Positive,2026-08-12
BSIT,4,Staff,"Nawala yung documents ko, kailangan ko pang mag-resubmit ng lahat. Ilang beses akong bumalik dahil hindi complete ang binigay nilang instructions. Sana mapansin ito.",Negative,2026-08-20
BSIT,3,Faculty,"Overall, Hirap kausapin, parang ayaw talaga sumagot sa concerns namin. Kasabay nito, Nakaka-frustrate kasi hindi na-explain ng maayos bago pa kami binigyan ng exam. Sana ma-continue.",Negative,2026-08-18
BSA,4,Staff,"Ang bait ng staff sa registrar, tinulungan ako agad sa concern ko. Sana ma-continue.",Positive,2026-08-05
BSIS,3,Payments,"For me, Napakadali ma-access ang payment history online, malinaw lahat ng transaction. Maayos ang tracking ng balance ko, laging updated ang statement of account. Sana mapansin ito.",Positive,2026-08-05
BEED,2,Faculty,"Honestly, Manageable ang workload, though pwede pang dagdagan ng examples. Sana ma-continue.",Neutral,2026-08-10
BSA,1,Payments,"Base sa experience ko, Madali lang mag-bayad online, ilang minuto lang tapos na agad ang transaction. Dagdag pa rito, Clear ang breakdown ng fees, walang hidden charges na nakakagulat.",Positive,2026-08-07
BSIS,4,Staff,"Overall, Ilang beses akong bumalik dahil hindi complete ang binigay nilang instructions. Sobrang bagal, parang walang urgency kahit alam nilang may deadline kami. Sana po maayos pa.",Negative,2026-08-14
BSA,3,Staff,"Naantala ang enrollment ko dahil sa mali nilang input sa system. Also, Nawala yung documents ko, kailangan ko pang mag-resubmit ng lahat. Sana ma-continue.",Negative,2026-08-14
BSBA,4,Facilities,"Base sa experience ko, Okay lang naman ang mga pasilidad, wala namang malaking problema. Sana po maayos pa.",Neutral,2026-08-01
BSN,4,Facilities,"Sobrang siksikan sa room, kulang ang upuan para sa lahat ng estudyante. Plus, Sobrang init sa loob ng room kasi sira ang aircon for weeks na.",Negative,2026-08-03
BSA,3,Staff,"Honestly, Medyo mabagal ang proseso pero natapos naman sa huli. Kasabay nito, Fine lang ang experience ko, wala akong major issue sa transaction. Sana mapansin ito.",Neutral,2026-08-15
BSCS,3,Staff,"Nawala yung documents ko, kailangan ko pang mag-resubmit ng lahat. Plus, Sobrang unorganized ng linya, nagulo lahat kasi walang numbering system. Sana po maayos pa.",Negative,2026-08-12
BSIS,4,Facilities,"Honestly, Salamat sa maayos na CRs, laging malinis kapag pumupunta ako. That's it naman.",Positive,2026-08-12
BSCS,1,Staff,"Base sa experience ko, Okay lang naman, ginawa naman nila trabaho nila kahit medyo tahimik. Also, Karaniwang klase ng service, hindi masama pero hindi rin sobrang astig. That's it naman.",Neutral,2026-08-19
BSA,3,Staff,"Naramdaman ko na sincere sila sa pagtulong, hindi lang basta trabaho lang para sa kanila. Also, Sobrang bilis ng pag-proseso ng request ko, hindi na ako naghintay ng matagal. Sana po maayos pa.",Positive,2026-08-16
BSIS,4,Faculty,"Honestly, Effective yung teaching style, gusto ko pumasok kahit umaga pa.",Positive,2026-08-08
BSA,3,Payments,"Manageable ang installment plan, kahit papaano nakakaabot naman ako. Sana po maayos pa.",Neutral,2026-08-14
BSCS,2,Faculty,"For me, Walang malaking reklamo, pero pwede pa ring paganahin nang konti ang klase.",Neutral,2026-08-11
BSCS,2,Faculty,"Base sa experience ko, Grabe ang dami ng requirements na binigay overnight lang, sobrang stressful.",Negative,2026-08-08
BSIS,4,Facilities,"Sa totoo lang, Gumagana naman ang mga equipment kahit medyo luma na.",Neutral,2026-08-15
BSCS,2,Staff,"Sa totoo lang, Salamat sa staff na patient magpaliwanag ng steps para sa clearance ko. Also, Sobrang bilis ng pag-proseso ng request ko, hindi na ako naghintay ng matagal. Yun lang po.",Positive,2026-08-12
BSN,2,Payments,"Overall, Nagka-error yung system nang magbayad ako, kinailangan kong ulitin ng tatlong beses. Also, Confusing ang breakdown ng fees, parang may extra charge na hindi ko na-expect. Yun lang po.",Negative,2026-08-01
BSN,2,Staff,"Friendly talaga sila kausap, hindi ka mararamdamang burden kahit maraming tanong. Also, Napakabilis at organized ng proseso, isang beses lang ako pumunta tapos na agad. That's it naman.",Positive,2026-08-11
BSIS,4,Staff,"Nagpapasalamat ako sa tulong nila, naayos agad yung isyu ko sa records.",Positive,2026-08-13
BSA,3,Facilities,"Ang linis at ayos ng library ngayon, sobrang conducive mag-aral. Dagdag pa rito, Maganda na ang wifi sa campus, hindi na nade-delay ang mga online activities namin.",Positive,2026-08-19
BSIT,1,Staff,"Honestly, Standard lang ang service, walang masyadong extraordinary pero gumagana naman. Plus, Sapat naman ang tulong, though pwede pang paganahan ang follow-through. Yun lang po.",Neutral,2026-08-18
BSA,4,Staff,"Sapat naman ang tulong, though pwede pang paganahan ang follow-through. At saka, Medyo mabagal ang proseso pero natapos naman sa huli.",Neutral,2026-08-12
BSIS,3,Payments,"Confusing ang breakdown ng fees, parang may extra charge na hindi ko na-expect.",Negative,2026-08-16
BSN,1,Staff,"Ang tagal ng pila, mahigit isang oras ako naghintay para lang sa simpleng request. Kasabay nito, Hindi ma-contact ang office, ilang beses akong tumawag walang sumasagot.",Negative,2026-08-16
BSN,1,Facilities,"Well-maintained ang mga equipment sa laboratory, gumagana lahat nang maayos. At saka, Napansin kong mas maayos na ang aircon sa mga labs, hindi na sobrang init. Sana mapansin ito.",Positive,2026-08-09
BSCS,3,Facilities,"Honestly, Ang ganda ng bagong study hub, sulit gamitin lalo na tuwing exam week. That's it naman.",Positive,2026-08-03
BSCS,3,Payments,"Honestly, Salamat sa flexible payment terms, malaking tulong para sa amin na estudyante. Also, Maayos ang tracking ng balance ko, laging updated ang statement of account. Yun lang po.",Positive,2026-08-19
BEED,3,Staff,"Honestly, Sapat naman ang tulong, though pwede pang paganahan ang follow-through. At saka, Karaniwang klase ng service, hindi masama pero hindi rin sobrang astig.",Neutral,2026-08-01
BSA,3,Staff,"Fine lang ang experience ko, wala akong major issue sa transaction. Sana ma-continue.",Neutral,2026-08-02
BEED,4,Staff,"For me, Sapat naman ang tulong, though pwede pang paganahan ang follow-through. Also, Nagawa ang kailangan ko kahit medyo kailangan kong balikan ng ilang beses. That's it naman.",Neutral,2026-08-02
BSIS,1,Payments,"For me, Sobrang convenient ng bagong payment portal, hindi na kailangan pumila. Kasabay nito, Ang bilis ng confirmation pagkatapos magbayad, walang problema sa receipt.",Positive,2026-08-12
BSN,2,Payments,"Base sa experience ko, Okay lang ang proseso, walang malaking hassle sa pagbabayad. Plus, Standard lang ang fees, wala namang malaking pagbabago kumpara noon. Sana mapansin ito.",Neutral,2026-08-13
BSBA,4,Payments,"Base sa experience ko, Napakabilis maprocess ang refund ko, hindi ko inaasahan na ganoon kabilis. Ang bilis ng confirmation pagkatapos magbayad, walang problema sa receipt. Yun lang po.",Positive,2026-08-12
BSIS,1,Payments,"Base sa experience ko, Okay lang ang proseso, walang malaking hassle sa pagbabayad. Plus, Sapat naman ang info na nakalagay sa invoice, though pwede pa dagdagan ng detalye. Sana po maayos pa.",Neutral,2026-08-04
BSBA,3,Staff,"Ang bait ng staff sa registrar, tinulungan ako agad sa concern ko. At saka, Very accommodating sila kahit maraming tao, hindi sila nagmamadali sa amin. Sana mapansin ito.",Positive,2026-08-03
BEED,2,Payments,"Base sa experience ko, Sapat naman ang info na nakalagay sa invoice, though pwede pa dagdagan ng detalye. Kasabay nito, Okay lang ang proseso, walang malaking hassle sa pagbabayad. Sana ma-continue.",Neutral,2026-08-18
BSA,2,Payments,"Walang senyales o notification kapag may urgent na balance, nagulat na lang ako. At saka, Nahirapan akong makipag-ayos sa refund ko, sobrang tagal ng proseso. That's it naman.",Negative,2026-08-18
BSA,2,Facilities,"Honestly, Marumi ang mga CR, matagal nang hindi na-clean ayon sa nakikita ko.",Negative,2026-08-21
BSBA,1,Facilities,"Base sa experience ko, Gumagana naman ang mga equipment kahit medyo luma na. Plus, Sapat naman ang espasyo sa classroom kahit medyo crowded minsan.",Neutral,2026-08-12
BSBA,3,Facilities,"Sa totoo lang, Well-maintained ang mga equipment sa laboratory, gumagana lahat nang maayos. Sana mapansin ito.",Positive,2026-08-17
BSIS,3,Staff,"Honestly, Sinagot naman lahat ng katanungan ko kahit hindi masyadong detalyado. Also, Standard lang ang service, walang masyadong extraordinary pero gumagana naman. Sana ma-continue.",Neutral,2026-08-18
BSA,3,Faculty,"Base sa experience ko, Gets ko naman kahit papaano, though mas gusto ko sana may mas maraming halimbawa. Ok lang ang setup, minsan mabilis mag-move sa next topic pero survivable. That's it naman.",Neutral,2026-08-05
BSA,2,Payments,"Base sa experience ko, Hindi pantay ang na-post na balance ko sa totoong binayaran ko. Plus, Nagka-error yung system nang magbayad ako, kinailangan kong ulitin ng tatlong beses. Yun lang po.",Negative,2026-08-09
BSN,1,Facilities,"Gumagana naman ang mga equipment kahit medyo luma na. Dagdag pa rito, Standard lang ang kondisyon ng canteen, walang masyadong reklamo. That's it naman.",Neutral,2026-08-12
BSN,2,Staff,"Ilang beses akong bumalik dahil hindi complete ang binigay nilang instructions. Dagdag pa rito, Sobrang unorganized ng linya, nagulo lahat kasi walang numbering system.",Negative,2026-08-09
BSN,3,Staff,"Rude yung pagsagot sa akin kahit magalang naman ako magtanong. At saka, Nawala yung documents ko, kailangan ko pang mag-resubmit ng lahat. Yun lang po.",Negative,2026-08-04
BSBA,1,Facilities,"Base sa experience ko, Standard lang ang kondisyon ng canteen, walang masyadong reklamo. Sana ma-continue.",Neutral,2026-08-17
BSN,1,Facilities,"Base sa experience ko, Maganda na ang wifi sa campus, hindi na nade-delay ang mga online activities namin. Dagdag pa rito, Ang ganda ng bagong study hub, sulit gamitin lalo na tuwing exam week. Sana po maayos pa.",Positive,2026-08-12
BSBA,1,Payments,"Sa totoo lang, Nahirapan akong makipag-ayos sa refund ko, sobrang tagal ng proseso. Kasabay nito, Nag-crash ang portal habang nagbabayad ako, hindi ko alam kung na-charge na ako o hindi.",Negative,2026-08-11
BEED,1,Facilities,"Overall, Matagal nang sira ang aircon pero wala pa ring inaayos. At saka, Sira ang projector kaya hirap kaming makita ang mga slides.",Negative,2026-08-12
BSIS,3,Facilities,"Base sa experience ko, Palaging discconnect ang wifi, nakakaabala sa mga submission namin. At saka, Kulang ang ilaw sa hallway kaya madilim tuwing gabi may klase pa. Yun lang po.",Negative,2026-08-10
